0,1,2
0.0635404884815216,-0.017946550622582436,0.5239167809486389
0.06453503668308258,-0.017953356727957726,0.5241154432296753
0.0655054897069931,-0.017953356727957726,0.5241154432296753
0.06647594273090363,-0.017953356727957726,0.5241154432296753
0.06744638830423355,-0.017953356727957726,0.5241154432296753
0.06941361725330353,-0.017960166558623314,0.524314284324646
0.0703844353556633,-0.017960166558623314,0.524314284324646
0.07138233631849289,-0.01796698197722435,0.5245132446289062
0.059547290205955505,-0.01694435067474842,0.522925615310669
0.06053844466805458,-0.016950763761997223,0.523123562335968
0.06150705739855766,-0.016950763761997223,0.523123562335968
0.06249932944774628,-0.016957182437181473,0.5233216285705566
0.06349235028028488,-0.01696360483765602,0.5235198736190796
0.06448613107204437,-0.016970032826066017,0.5237182378768921
0.06548065692186356,-0.01697646640241146,0.5239167809486389
0.06645073741674423,-0.01697646640241146,0.5239167809486389
0.0674208253622055,-0.01697646640241146,0.5239167809486389
0.06839090585708618,-0.01697646640241146,0.5239167809486389
0.06936099380254745,-0.01697646640241146,0.5239167809486389
0.07035774737596512,-0.016982903704047203,0.5241154432296753
0.07135526090860367,-0.016989346593618393,0.524314284324646
0.07235352694988251,-0.01699579507112503,0.5245132446289062
0.05670690909028053,-0.015994256362318993,0.5235198736190796
0.05763259902596474,-0.01598214916884899,0.523123562335968
0.05857904255390167,-0.01597610116004944,0.522925615310669
0.059547290205955505,-0.01597610116004944,0.522925615310669
0.06051553785800934,-0.01597610116004944,0.522925615310669
0.06148378551006317,-0.01597610116004944,0.522925615310669
0.062475673854351044,-0.01598214916884899,0.523123562335968
0.06344428658485413,-0.01598214916884899,0.523123562335968
0.06443729251623154,-0.015988200902938843,0.5233216285705566
0.06543105095624924,-0.015994256362318993,0.5235198736190796
0.06640040129423141,-0.015994256362318993,0.5235198736190796
0.06736975163221359,-0.015994256362318993,0.5235198736190796
0.06836499273777008,-0.01600031740963459,0.5237182378768921
0.06933470815420151,-0.01600031740963459,0.5237182378768921
0.07033107429742813,-0.016006382182240486,0.5239167809486389
0.07135526090860367,-0.016018526628613472,0.524314284324646
0.07238099724054337,-0.01603068970143795,0.5247123837471008
0.07335255295038223,-0.01603068970143795,0.5247123837471008
0.0743241086602211,-0.01603068970143795,0.5247123837471008
0.07535288482904434,-0.01604287140071392,0.5251110792160034
0.055674295872449875,-0.015007853507995605,0.522925615310669
0.05662111937999725,-0.015002177096903324,0.5227278470993042
0.05758900195360184,-0.015002177096903324,0.5227278470993042
0.05853474512696266,-0.014996505342423916,0.522530198097229
0.05947977676987648,-0.014990837313234806,0.5223327279090881
0.06044692546129227,-0.014990837313234806,0.5223327279090881
0.061437297612428665,-0.014996505342423916,0.522530198097229
0.0624048113822937,-0.014996505342423916,0.522530198097229
0.06337232887744904,-0.014996505342423916,0.522530198097229
0.06436417996883392,-0.015002177096903324,0.5227278470993042
0.06533206254243851,-0.015002177096903324,0.5227278470993042
0.06629994511604309,-0.015002177096903324,0.5227278470993042
0.06729327887296677,-0.015007853507995605,0.522925615310669
0.06828736513853073,-0.015013533644378185,0.523123562335968
0.06928220391273499,-0.015019218437373638,0.5233216285705566
0.07027779519557953,-0.015024907886981964,0.5235198736190796
0.0713011622428894,-0.015036298893392086,0.5239167809486389
0.07232607901096344,-0.015047707594931126,0.524314284324646
0.07329689711332321,-0.015047707594931126,0.524314284324646
0.07429590076208115,-0.015053418464958668,0.5245132446289062
0.07532425969839096,-0.015064852312207222,0.524911642074585
0.0763251781463623,-0.015070576220750809,0.5251110792160034
0.07729747146368027,-0.015070576220750809,0.5251110792160034
0.05460274964570999,-0.014013094827532768,0.5219382047653198
0.05559016391634941,-0.014018389396369457,0.5221353769302368
0.05655694752931595,-0.014018389396369457,0.5221353769302368
0.057523734867572784,-0.014018389396369457,0.5221353769302368
0.05846843123435974,-0.014013094827532768,0.5219382047653198
0.05941241607069969,-0.014007804915308952,0.5217412114143372
0.06037846952676773,-0.014007804915308952,0.5217412114143372
0.06134452670812607,-0.014007804915308952,0.5217412114143372
0.06231058016419411,-0.014007804915308952,0.5217412114143372
0.06330053508281708,-0.014013094827532768,0.5219382047653198
0.06426694989204407,-0.014013094827532768,0.5219382047653198
0.06523337215185165,-0.014013094827532768,0.5219382047653198
0.06619979441165924,-0.014013094827532768,0.5219382047653198
0.06719158589839935,-0.014018389396369457,0.5221353769302368
0.06818412989377975,-0.01402368675917387,0.5223327279090881
0.06920359283685684,-0.01403429452329874,0.5227278470993042
0.0702245905995369,-0.014044919051229954,0.523123562335968
0.0712471455335617,-0.014055559411644936,0.5235198736190796
0.07227124273777008,-0.014066215604543686,0.5239167809486389
0.07326909899711609,-0.014071549288928509,0.5241154432296753
0.07426771521568298,-0.014076887629926205,0.524314284324646
0.07526709139347076,-0.014082229696214199,0.5245132446289062
0.07629618793725967,-0.014092926867306232,0.524911642074585
0.07729747146368027,-0.014098281040787697,0.5251110792160034
0.07832928746938705,-0.01410900242626667,0.5255104303359985
0.07939288765192032,-0.014125114306807518,0.5261105298995972
0.08036702871322632,-0.014125114306807518,0.5261105298995972
0.054520390927791595,-0.01302699651569128,0.5211510062217712
0.05550628527998924,-0.013031910173594952,0.5213475823402405
0.05651424825191498,-0.013041749596595764,0.5217412114143372
0.05745861306786537,-0.013036828488111496,0.5215442776679993
0.05842430517077446,-0.013036828488111496,0.5215442776679993
0.05934520438313484,-0.01302699651569128,0.5211510062217712
0.06028743460774422,-0.013022086583077908,0.5209545493125916
0.061228957027196884,-0.013017179444432259,0.5207582712173462
0.062193192541599274,-0.013017179444432259,0.5207582712173462
0.06318123638629913,-0.013022086583077908,0.5209545493125916
0.06414583325386047,-0.013022086583077908,0.5209545493125916
0.06511043012142181,-0.013022086583077908,0.5209545493125916
0.06609994173049927,-0.01302699651569128,0.5211510062217712
0.06709020584821701,-0.013031910173594952,0.5213475823402405
0.06810691207647324,-0.013041749596595764,0.5217412114143372
0.06912516057491302,-0.01305160392075777,0.5221353769302368
0.07014494389295578,-0.013061472214758396,0.522530198097229
0.0711662694811821,-0.01307135634124279,0.522925615310669
0.07218914479017258,-0.013081255368888378,0.5233216285705566
0.07318583875894547,-0.013086210004985332,0.5235198736190796
0.07421141117811203,-0.013096131384372711,0.5239167809486389
0.07523853331804276,-0.013106067664921284,0.524314284324646
0.07623828202486038,-0.013111041858792305,0.5245132446289062
0.07726811617612839,-0.013121000491082668,0.524911642074585
0.07829951494932175,-0.0131309749558568,0.5253106951713562
0.07933248579502106,-0.013140964321792126,0.5257102847099304
0.08033645153045654,-0.013145964592695236,0.5259103775024414
0.054438281804323196,-0.012043868191540241,0.5203661322593689
0.055401794612407684,-0.012043868191540241,0.5203661322593689
0.05647161230444908,-0.012066584080457687,0.5213475823402405
0.057372014969587326,-0.012052943930029869,0.5207582712173462
0.05831427872180939,-0.012048404663801193,0.5205621123313904
0.05923352763056755,-0.012039335444569588,0.520170271396637
0.06012878566980362,-0.012025756761431694,0.5195835828781128
0.061067886650562286,-0.01202123798429966,0.5193883776664734
0.06202958524227142,-0.01202123798429966,0.5193883776664734
0.06301496922969818,-0.012025756761431694,0.5195835828781128
0.06397702544927597,-0.012025756761431694,0.5195835828781128
0.06493908911943436,-0.012025756761431694,0.5195835828781128
0.06595073640346527,-0.012034805491566658,0.5199745893478394
0.06693870574235916,-0.012039335444569588,0.520170271396637
0.06797860562801361,-0.012052943930029869,0.5207582712173462
0.06902085989713669,-0.012066584080457687,0.5213475823402405
0.07006547600030899,-0.012080254033207893,0.5219382047653198
0.07108558714389801,-0.012089385651051998,0.5223327279090881
0.0721072405576706,-0.012098530307412148,0.5227278470993042
0.07310277223587036,-0.012103107757866383,0.522925615310669
0.07415518909692764,-0.012116861529648304,0.5235198736190796
0.0751814916729927,-0.012126047164201736,0.5239167809486389
0.07618045806884766,-0.012130646035075188,0.5241154432296753
0.0772094652056694,-0.012139853090047836,0.5245132446289062
0.0782400369644165,-0.012149075046181679,0.524911642074585
0.07927218079566956,-0.012158310040831566,0.5253106951713562
0.08027535676956177,-0.012162933126091957,0.5255104303359985
0.08124839514493942,-0.012162933126091957,0.5255104303359985
0.054356422275304794,-0.011063696816563606,0.5195835828781128
0.055297695100307465,-0.011059538461267948,0.5193883776664734
0.05617494881153107,-0.011042938567698002,0.518608808517456
0.0571352057158947,-0.011042938567698002,0.518608808517456
0.05807366967201233,-0.011038796976208687,0.5184142589569092
0.05903356522321701,-0.011038796976208687,0.5184142589569092
0.05999346077442169,-0.011038796976208687,0.5184142589569092
0.06095335632562637,-0.011038796976208687,0.5184142589569092
0.06189003586769104,-0.011034658178687096,0.5182198882102966
0.06287314742803574,-0.011038796976208687,0.5184142589569092
0.06388096511363983,-0.011047083884477615,0.5188034772872925
0.06484158337116241,-0.011047083884477615,0.5188034772872925
0.0658269077539444,-0.011051232926547527,0.5189982652664185
0.06683807820081711,-0.011059538461267948,0.5193883776664734
0.06787630170583725,-0.01107202097773552,0.5199745893478394
0.0689428374171257,-0.01108870841562748,0.5207582712173462
0.06998618692159653,-0.011101257055997849,0.5213475823402405
0.07100508362054825,-0.011109638959169388,0.5217412114143372
0.07202551513910294,-0.011118032969534397,0.5221353769302368
0.07304749637842178,-0.011126439087092876,0.522530198097229
0.0740710198879242,-0.011134859174489975,0.522925615310669
0.07512453943490982,-0.0111475121229887,0.5235198736190796
0.0761227235198021,-0.011151736602187157,0.5237182378768921
0.07712166011333466,-0.011155963875353336,0.5239167809486389
0.07818065583705902,-0.011168665252625942,0.5245132446289062
0.07918189465999603,-0.011172905564308167,0.5247123837471008
0.08021435886621475,-0.011181395500898361,0.5251110792160034
0.08121751248836517,-0.011185645125806332,0.5253106951713562
0.08215894550085068,-0.011181395500898361,0.5251110792160034
0.05331419035792351,-0.010086468420922756,0.5188034772872925
0.05427480489015579,-0.010086468420922756,0.5188034772872925
0.055193983018398285,-0.010078901425004005,0.5184142589569092
0.056111786514520645,-0.01007134560495615,0.5180256366729736
0.05704957991838455,-0.010067572817206383,0.517831563949585
0.05800839513540268,-0.010067572817206383,0.517831563949585
0.05896721035242081,-0.010067572817206383,0.517831563949585
0.05992602929472923,-0.010067572817206383,0.517831563949585
0.06088484451174736,-0.010067572817206383,0.517831563949585
0.06184365972876549,-0.010067572817206383,0.517831563949585
0.06280247867107391,-0.010067572817206383,0.517831563949585
0.06378519535064697,-0.01007134560495615,0.5180256366729736
0.06476864218711853,-0.010075122117996216,0.5182198882102966
0.06575283408164978,-0.010078901425004005,0.5184142589569092
0.06676281243562698,-0.010086468420922756,0.5188034772872925
0.06779978424310684,-0.010097839869558811,0.5193883776664734
0.06883908808231354,-0.01010923646390438,0.5199745893478394
0.06985443085432053,-0.010116849094629288,0.5203661322593689
0.0708446204662323,-0.010120660066604614,0.5205621123313904
0.0719168409705162,-0.01013593003153801,0.5213475823402405
0.07293719053268433,-0.010143582709133625,0.5217412114143372
0.07398703694343567,-0.010155083611607552,0.5223327279090881
0.07501088827848434,-0.01016276516020298,0.5227278470993042
0.0760650783777237,-0.010174309834837914,0.5233216285705566
0.07706324011087418,-0.010178163647651672,0.5235198736190796
0.07809174805879593,-0.010185879655182362,0.5239167809486389
0.07912181317806244,-0.010193608701229095,0.524314284324646
0.08012302964925766,-0.010197476483881474,0.5245132446289062
0.08115582168102264,-0.01020522229373455,0.524911642074585
0.08215894550085068,-0.01020910032093525,0.5251110792160034
0.08313124626874924,-0.01020910032093525,0.5251110792160034
0.052353572100400925,-0.009125852026045322,0.5188034772872925
0.05325421690940857,-0.00911558698862791,0.5182198882102966
0.05419343337416649,-0.009112169966101646,0.5180256366729736
0.055111296474933624,-0.00910534430295229,0.5176376104354858
0.056048762053251266,-0.009101935662329197,0.517443835735321
0.0569855272769928,-0.009098528884351254,0.5172501802444458
0.05794326588511467,-0.009098528884351254,0.5172501802444458
0.05890100449323654,-0.009098528884351254,0.5172501802444458
0.05988115444779396,-0.009101935662329197,0.517443835735321
0.06083925440907478,-0.009101935662329197,0.517443835735321
0.06182049959897995,-0.00910534430295229,0.5176376104354858
0.06277895718812943,-0.00910534430295229,0.5176376104354858
0.0637374147772789,-0.00910534430295229,0.5176376104354858
0.06469587236642838,-0.00910534430295229,0.5176376104354858
0.0656789243221283,-0.009108755737543106,0.517831563949585
0.06671272963285446,-0.009119005873799324,0.5184142589569092
0.06772343069314957,-0.009125852026045322,0.5188034772872925
0.06873565167188644,-0.009132708422839642,0.5191932320594788
0.06972318142652512,-0.0091361403465271,0.5193883776664734
0.07071144878864288,-0.009139575064182281,0.5195835828781128
0.07175444066524506,-0.009149895049631596,0.520170271396637
0.07282721996307373,-0.0091636897996068,0.5209545493125916
0.07387536019086838,-0.009174063801765442,0.5215442776679993
0.07492586970329285,-0.009184462018311024,0.5221353769302368
0.07595004141330719,-0.009191406890749931,0.522530198097229
0.07700490206480026,-0.009201843291521072,0.523123562335968
0.07803258299827576,-0.00920881424099207,0.5235198736190796
0.07903186976909637,-0.009212303906679153,0.5237182378768921
0.08006226271390915,-0.009219290688633919,0.5241154432296753
0.08109422028064728,-0.00922628864645958,0.5245132446289062
0.08209656178951263,-0.009229791350662708,0.5247123837471008
0.08309967070817947,-0.009233296848833561,0.524911642074585
0.0841035395860672,-0.009236805140972137,0.5251110792160034
0.05139295756816864,-0.008165236562490463,0.5188034772872925
0.052177298814058304,-0.008137743920087814,0.5170566439628601
0.05315456539392471,-0.008140789344906807,0.5172501802444458
0.054112304002046585,-0.008140789344906807,0.5172501802444458
0.055070046335458755,-0.008140789344906807,0.5172501802444458
0.05600682646036148,-0.008137743920087814,0.5170566439628601
0.0569855272769928,-0.008140789344906807,0.5172501802444458
0.05792158842086792,-0.008137743920087814,0.5170566439628601
0.05887896940112114,-0.008137743920087814,0.5170566439628601
0.05985874682664871,-0.008140789344906807,0.5172501802444458
0.06083925440907478,-0.008143837563693523,0.517443835735321
0.061797354370355606,-0.008143837563693523,0.517443835735321
0.06275545060634613,-0.008143837563693523,0.517443835735321
0.06371355056762695,-0.008143837563693523,0.517443835735321
0.06467165052890778,-0.008143837563693523,0.517443835735321
0.06565432995557785,-0.008146887645125389,0.5176376104354858
0.06663773953914642,-0.008149939589202404,0.517831563949585
0.06762189418077469,-0.008152994327247143,0.5180256366729736
0.06863252073526382,-0.008159110322594643,0.5184142589569092
0.06964465975761414,-0.008165236562490463,0.5188034772872925
0.07063179463148117,-0.008168302476406097,0.5189982652664185
0.07164657860994339,-0.008174441754817963,0.5193883776664734
0.07266288995742798,-0.008180590346455574,0.5197790265083313
0.07368072867393494,-0.008186748251318932,0.520170271396637
0.07478460669517517,-0.008202183060348034,0.5211510062217712
0.07586399465799332,-0.008214573375880718,0.5219382047653198
0.07691755890846252,-0.008223890326917171,0.522530198097229
0.07794401049613953,-0.008230113424360752,0.522925615310669
0.07897201925516129,-0.008236345835030079,0.5233216285705566
0.07997128367424011,-0.00823946576565504,0.5235198736190796
0.08100199699401855,-0.008245712146162987,0.5239167809486389
0.0820031687617302,-0.008248839527368546,0.5241154432296753
0.08303659409284592,-0.00825509987771511,0.5245132446289062
0.08407159894704819,-0.008261370472609997,0.524911642074585
0.08510816842317581,-0.008267650380730629,0.5253106951713562
0.05120076239109039,-0.007177677005529404,0.5168632864952087
0.05215778574347496,-0.007177677005529404,0.5168632864952087
0.053094953298568726,-0.0071749938651919365,0.5166700482368469
0.054071832448244095,-0.007177677005529404,0.5168632864952087
0.05502885580062866,-0.007177677005529404,0.5168632864952087
0.05600682646036148,-0.00718036200851202,0.5170566439628601
0.0569642074406147,-0.00718036200851202,0.5170566439628601
0.057899925857782364,-0.007177677005529404,0.5168632864952087
0.05887896940112114,-0.00718036200851202,0.5170566439628601
0.05983635038137436,-0.00718036200851202,0.5170566439628601
0.060816485434770584,-0.007183049339801073,0.5172501802444458
0.061774224042892456,-0.007183049339801073,0.5172501802444458
0.06273196637630463,-0.007183049339801073,0.5172501802444458
0.0636897012591362,-0.007183049339801073,0.5172501802444458
0.06464744359254837,-0.007183049339801073,0.5172501802444458
0.06560518592596054,-0.007183049339801073,0.5172501802444458
0.06658784300088882,-0.007185738533735275,0.517443835735321
0.0675712451338768,-0.007188430055975914,0.5176376104354858
0.06858107447624207,-0.007193818688392639,0.5180256366729736
0.06956632435321808,-0.007196515798568726,0.5182198882102966
0.07057878375053406,-0.007201916538178921,0.518608808517456
0.0715658962726593,-0.0072046201676130295,0.5188034772872925
0.07258100062608719,-0.007210033014416695,0.5191932320594788
0.07359763234853745,-0.007215454243123531,0.5195835828781128
0.07464388012886047,-0.00722360098734498,0.520170271396637
0.07574956864118576,-0.00723722018301487,0.5211510062217712
0.07680141180753708,-0.007245416287332773,0.5217412114143372
0.07782623171806335,-0.00725089106708765,0.5221353769302368
0.07888241857290268,-0.007259117905050516,0.5227278470993042
0.0799107477068901,-0.007264613173902035,0.523123562335968
0.08090998232364655,-0.007267363835126162,0.5233216285705566
0.08194101601839066,-0.0072728716768324375,0.5237182378768921
0.0829421654343605,-0.007275628391653299,0.5239167809486389
0.08400778472423553,-0.007283912040293217,0.5245132446289062
0.08510816842317581,-0.007294985931366682,0.5253106951713562
0.08611356467008591,-0.007297759875655174,0.5255104303359985
0.050243739038705826,-0.006220653187483549,0.5168632864952087
0.051181621849536896,-0.006218327675014734,0.5166700482368469
0.05213828757405281,-0.006218327675014734,0.5166700482368469
0.05311480909585953,-0.006220653187483549,0.5168632864952087
0.054071832448244095,-0.006220653187483549,0.5168632864952087
0.05502885580062866,-0.006220653187483549,0.5168632864952087
0.05598587915301323,-0.006220653187483549,0.5168632864952087
0.0569429025053978,-0.006220653187483549,0.5168632864952087
0.057899925857782364,-0.006220653187483549,0.5168632864952087
0.05887896940112114,-0.006222980562597513,0.5170566439628601
0.0598139725625515,-0.006220653187483549,0.5168632864952087
0.06079373136162758,-0.006222980562597513,0.5170566439628601
0.0617511160671711,-0.006222980562597513,0.5170566439628601
0.06270849704742432,-0.006222980562597513,0.5170566439628601
0.0636897012591362,-0.006225309334695339,0.5172501802444458
0.06464744359254837,-0.006225309334695339,0.5172501802444458
0.06560518592596054,-0.006225309334695339,0.5172501802444458
0.06658784300088882,-0.006227640435099602,0.517443835735321
0.06754594296216965,-0.006227640435099602,0.517443835735321
0.06852970272302628,-0.006229972466826439,0.5176376104354858
0.0695141926407814,-0.006232306826859713,0.517831563949585
0.07049942016601562,-0.006234642583876848,0.5180256366729736
0.07151220738887787,-0.0062393201515078545,0.5184142589569092
0.07249929755926132,-0.0062416610307991505,0.518608808517456
0.07351472228765488,-0.0062463488429784775,0.5189982652664185
0.0745316743850708,-0.006251043640077114,0.5193883776664734
0.07557857781648636,-0.006258098874241114,0.5199745893478394
0.07668561488389969,-0.006269893143326044,0.5209545493125916
0.07773812115192413,-0.006276991218328476,0.5215442776679993
0.0787930116057396,-0.006284105591475964,0.5221353769302368
0.07982011139392853,-0.006288857199251652,0.522530198097229
0.08084876090288162,-0.0062936157919466496,0.522925615310669
0.08184797316789627,-0.006295998115092516,0.523123562335968
0.08291073888540268,-0.006303155329078436,0.5237182378768921
0.08394406735897064,-0.006307935807853937,0.5241154432296753
0.08501123636960983,-0.006315120495855808,0.5247123837471008
0.08604812622070312,-0.0063199191354215145,0.5251110792160034
0.05020618811249733,-0.005259695928543806,0.5164769887924194
0.051181621849536896,-0.005261661950498819,0.5166700482368469
0.05213828757405281,-0.005261661950498819,0.5166700482368469
0.05311480909585953,-0.005263629835098982,0.5168632864952087
0.054071832448244095,-0.005263629835098982,0.5168632864952087
0.05502885580062866,-0.005263629835098982,0.5168632864952087
0.05600682646036148,-0.005265599116683006,0.5170566439628601
0.0569429025053978,-0.005263629835098982,0.5168632864952087
0.057899925857782364,-0.005263629835098982,0.5168632864952087
0.05885694921016693,-0.005263629835098982,0.5168632864952087
0.05983635038137436,-0.005265599116683006,0.5170566439628601
0.06079373136162758,-0.005265599116683006,0.5170566439628601
0.0617511160671711,-0.005265599116683006,0.5170566439628601
0.06270849704742432,-0.005265599116683006,0.5170566439628601
0.0636897012591362,-0.005267569795250893,0.5172501802444458
0.06467165052890778,-0.005269541870802641,0.517443835735321
0.06560518592596054,-0.005267569795250893,0.5172501802444458
0.06658784300088882,-0.005269541870802641,0.517443835735321
0.06754594296216965,-0.005269541870802641,0.517443835735321
0.06850404292345047,-0.005269541870802641,0.517443835735321
0.06948816031217575,-0.005271515343338251,0.5176376104354858
0.07047300785779953,-0.005273490212857723,0.517831563949585
0.071458600461483,-0.005275466945022345,0.5180256366729736
0.07244493067264557,-0.005277445074170828,0.5182198882102966
0.07345955073833466,-0.00528140552341938,0.518608808517456
0.07444774359464645,-0.0052833883091807365,0.5188034772872925
0.07549337297677994,-0.00528934458270669,0.5193883776664734
0.07657016813755035,-0.005297307390719652,0.520170271396637
0.0776209607720375,-0.005303295329213142,0.5207582712173462
0.07867412269115448,-0.0053092967718839645,0.5213475823402405
0.07972967624664307,-0.005315311718732119,0.5219382047653198
0.08078762888908386,-0.005321340635418892,0.522530198097229
0.08181700855493546,-0.005325367208570242,0.522925615310669
0.0828479453921318,-0.005329400300979614,0.5233216285705566
0.08391224592924118,-0.0053354608826339245,0.5239167809486389
0.08494673669338226,-0.005339508876204491,0.524314284324646
0.08601544797420502,-0.005345592740923166,0.524911642074585
0.08702042698860168,-0.005347623955458403,0.5251110792160034
0.049268290400505066,-0.0043049962259829044,0.5166700482368469
0.05022495612502098,-0.0043049962259829044,0.5166700482368469
0.051181621849536896,-0.0043049962259829044,0.5166700482368469
0.05213828757405281,-0.0043049962259829044,0.5166700482368469
0.05311480909585953,-0.004306606017053127,0.5168632864952087
0.054071832448244095,-0.004306606017053127,0.5168632864952087
0.05504944175481796,-0.004308217205107212,0.5170566439628601
0.05600682646036148,-0.004308217205107212,0.5170566439628601
0.0569642074406147,-0.004308217205107212,0.5170566439628601
0.057899925857782364,-0.004306606017053127,0.5168632864952087
0.05887896940112114,-0.004308217205107212,0.5170566439628601
0.05983635038137436,-0.004308217205107212,0.5170566439628601
0.060816485434770584,-0.004309829790145159,0.5172501802444458
0.061774224042892456,-0.004309829790145159,0.5172501802444458
0.06273196637630463,-0.004309829790145159,0.5172501802444458
0.06371355056762695,-0.00431144330650568,0.517443835735321
0.06469587236642838,-0.004313058219850063,0.5176376104354858
0.0656297504901886,-0.00431144330650568,0.517443835735321
0.06661278754472733,-0.004313058219850063,0.5176376104354858
0.06754594296216965,-0.00431144330650568,0.517443835735321
0.06850404292345047,-0.00431144330650568,0.517443835735321
0.06943614780902863,-0.004309829790145159,0.5172501802444458
0.07042024284601212,-0.00431144330650568,0.517443835735321
0.0714050680398941,-0.004313058219850063,0.5176376104354858
0.07239063829183578,-0.004314674064517021,0.517831563949585
0.07337695360183716,-0.004316291306167841,0.5180256366729736
0.07436399906873703,-0.004317909479141235,0.5182198882102966
0.07538006454706192,-0.00432115001603961,0.518608808517456
0.07642634958028793,-0.004326019901782274,0.5191932320594788
0.07747500389814377,-0.004330900497734547,0.5197790265083313
0.07852602005004883,-0.0043357922695577145,0.5203661322593689
0.07963944971561432,-0.004343970213085413,0.5213475823402405
0.08069609850645065,-0.0043488917872309685,0.5219382047653198
0.0817551389336586,-0.004353824071586132,0.522530198097229
0.08281659334897995,-0.004358767997473478,0.523123562335968
0.0838804543018341,-0.00436372309923172,0.5237182378768921
0.08491452038288116,-0.004367032554000616,0.5241154432296753
0.0859827920794487,-0.00437200628221035,0.5247123837471008
0.08698737621307373,-0.0043736668303608894,0.524911642074585
0.04831162467598915,-0.003348330268636346,0.5166700482368469
0.049268290400505066,-0.003348330268636346,0.5166700482368469
0.05022495612502098,-0.003348330268636346,0.5166700482368469
0.051181621849536896,-0.003348330268636346,0.5166700482368469
0.05215778574347496,-0.00334958266466856,0.5168632864952087
0.05311480909585953,-0.00334958266466856,0.5168632864952087
0.05409206077456474,-0.003350835759192705,0.5170566439628601
0.055070046335458755,-0.003352089785039425,0.5172501802444458
0.05602778494358063,-0.003352089785039425,0.5172501802444458
0.0569855272769928,-0.003352089785039425,0.5172501802444458
0.05794326588511467,-0.003352089785039425,0.5172501802444458
0.058923058211803436,-0.0033533447422087193,0.517443835735321
0.05988115444779396,-0.0033533447422087193,0.517443835735321
0.060862042009830475,-0.0033546006307005882,0.5176376104354858
0.06182049959897995,-0.0033546006307005882,0.5176376104354858
0.06277895718812943,-0.0033546006307005882,0.5176376104354858
0.0637374147772789,-0.0033546006307005882,0.5176376104354858
0.06469587236642838,-0.0033546006307005882,0.5176376104354858
0.0656789243221283,-0.003355857450515032,0.517831563949585
0.06661278754472733,-0.0033546006307005882,0.5176376104354858
0.06754594296216965,-0.0033533447422087193,0.517443835735321
0.06847840547561646,-0.003352089785039425,0.5172501802444458
0.06941016763448715,-0.003350835759192705,0.5170566439628601
0.07036755234003067,-0.003350835759192705,0.5170566439628601
0.07135162502527237,-0.003352089785039425,0.5172501802444458
0.07233643531799316,-0.0033533447422087193,0.517443835735321
0.07332198321819305,-0.0033546006307005882,0.5176376104354858
0.07430827617645264,-0.003355857450515032,0.517831563949585
0.07529529929161072,-0.0033571154344826937,0.5180256366729736
0.07631168514490128,-0.003359633730724454,0.5184142589569092
0.07735862582921982,-0.0033634186256676912,0.5189982652664185
0.07840793579816818,-0.0033672119025141,0.5195835828781128
0.07954943180084229,-0.0033748243004083633,0.5207582712173462
0.0806351974606514,-0.0033799184020608664,0.5215442776679993
0.0816933736205101,-0.0033837491646409035,0.5221353769302368
0.08278525620698929,-0.0033888700418174267,0.522925615310669
0.08381693065166473,-0.0033914365340024233,0.5233216285705566
0.08491452038288116,-0.0033965809270739555,0.5241154432296753
0.0859827920794487,-0.0034004494082182646,0.5247123837471008
0.08711972832679749,-0.0034069165121763945,0.5257102847099304
0.08822736889123917,-0.0034121081698685884,0.5265113711357117
0.08933839201927185,-0.0034173154272139072,0.5273149013519287
0.04834777116775513,-0.0023934540804475546,0.5170566439628601
0.04928671568632126,-0.002392559079453349,0.5168632864952087
0.050243739038705826,-0.002392559079453349,0.5168632864952087
0.05120076239109039,-0.002392559079453349,0.5168632864952087
0.052177298814058304,-0.0023934540804475546,0.5170566439628601
0.05313467979431152,-0.0023934540804475546,0.5170566439628601
0.054112304002046585,-0.002394349779933691,0.5172501802444458
0.055090662091970444,-0.0023952461779117584,0.517443835735321
0.056048762053251266,-0.0023952461779117584,0.517443835735321
0.05700686201453209,-0.0023952461779117584,0.517443835735321
0.05798666924238205,-0.0023961432743817568,0.5176376104354858
0.058945126831531525,-0.0023961432743817568,0.5176376104354858
0.059903584420681,-0.0023961432743817568,0.5176376104354858
0.06088484451174736,-0.002397041069343686,0.517831563949585
0.06186683848500252,-0.0023979395627975464,0.5180256366729736
0.0628260150551796,-0.0023979395627975464,0.5180256366729736
0.0638091117143631,-0.0023988387547433376,0.5182198882102966
0.06474436819553375,-0.0023979395627975464,0.5180256366729736
0.06570354104042053,-0.0023979395627975464,0.5180256366729736
0.06666272133588791,-0.0023979395627975464,0.5180256366729736
0.0675712451338768,-0.0023961432743817568,0.5176376104354858
0.06847840547561646,-0.002394349779933691,0.5172501802444458
0.06943614780902863,-0.002394349779933691,0.5172501802444458
0.07036755234003067,-0.0023934540804475546,0.5170566439628601
0.07132492959499359,-0.0023934540804475546,0.5170566439628601
0.07230936735868454,-0.002394349779933691,0.5172501802444458
0.07326710224151611,-0.002394349779933691,0.5172501802444458
0.07425263524055481,-0.0023952461779117584,0.517443835735321
0.07526709139347076,-0.002397041069343686,0.517831563949585
0.0762544795870781,-0.0023979395627975464,0.5180256366729736
0.07727158069610596,-0.002399738412350416,0.5184142589569092
0.07831960171461105,-0.0024024418089538813,0.5189982652664185
0.07939984649419785,-0.0024060558062046766,0.5197790265083313
0.08051366358995438,-0.002410588786005974,0.5207582712173462
0.08163169026374817,-0.0024151387624442577,0.5217412114143372
0.08272265642881393,-0.002418791176751256,0.522530198097229
0.08381693065166473,-0.002422454534098506,0.5233216285705566
0.08488233387470245,-0.002425209619104862,0.5239167809486389
0.08595015853643417,-0.0024279707577079535,0.5245132446289062
0.08708660304546356,-0.0024325866252183914,0.5255104303359985
0.08819376677274704,-0.002436291892081499,0.526310920715332
0.08937248587608337,-0.0024418712127953768,0.5275161862373352
0.04739039018750191,-0.001436072401702404,0.5170566439628601
0.04832969233393669,-0.0014355353778228164,0.5168632864952087
0.04928671568632126,-0.0014355353778228164,0.5168632864952087
0.050262536853551865,-0.001436072401702404,0.5170566439628601
0.05123908445239067,-0.001436609891243279,0.5172501802444458
0.05219682678580284,-0.001436609891243279,0.5172501802444458
0.0531744658946991,-0.0014371477300301194,0.517443835735321
0.05415283888578415,-0.0014376860344782472,0.5176376104354858
0.055131945759058,-0.0014382246881723404,0.517831563949585
0.056090760976076126,-0.0014382246881723404,0.517831563949585
0.057070959359407425,-0.001438763691112399,0.5180256366729736
0.0580301359295845,-0.001438763691112399,0.5180256366729736
0.05901142954826355,-0.0014393031597137451,0.5182198882102966
0.05997096747159958,-0.0014393031597137451,0.5182198882102966
0.06093050166964531,-0.0014393031597137451,0.5182198882102966
0.06193648278713226,-0.0014403833774849772,0.518608808517456
0.06294398009777069,-0.0014414651086553931,0.5189982652664185
0.06390495598316193,-0.0014414651086553931,0.5189982652664185
0.06484158337116241,-0.0014409240102395415,0.5188034772872925
0.0657775029540062,-0.0014403833774849772,0.518608808517456
0.06671272963285446,-0.0014398430939763784,0.5184142589569092
0.06762189418077469,-0.001438763691112399,0.5180256366729736
0.06852970272302628,-0.0014376860344782472,0.5176376104354858
0.06946214288473129,-0.0014371477300301194,0.517443835735321
0.0703938826918602,-0.001436609891243279,0.5172501802444458
0.07132492959499359,-0.001436072401702404,0.5170566439628601
0.07228231430053711,-0.001436072401702404,0.5170566439628601
0.07323969155550003,-0.001436072401702404,0.5170566439628601
0.07422484457492828,-0.001436609891243279,0.5172501802444458
0.07521073520183563,-0.0014371477300301194,0.517443835735321
0.07619735598564148,-0.0014376860344782472,0.5176376104354858
0.07721365243196487,-0.001438763691112399,0.5180256366729736
0.07826083153486252,-0.0014403833774849772,0.518608808517456
0.07931036502122879,-0.001442006672732532,0.5191932320594788
0.0803925022482872,-0.001444176654331386,0.5199745893478394
0.0815393477678299,-0.0014474440831691027,0.5211510062217712
0.08266015350818634,-0.00145017821341753,0.5221353769302368
0.08375350385904312,-0.0014523728750646114,0.522925615310669
0.0848180279135704,-0.0014540232950821519,0.5235198736190796
0.08591755479574203,-0.0014562297146767378,0.524314284324646
0.08702042698860168,-0.0014584428863599896,0.5251110792160034
0.0881601944565773,-0.001461218693293631,0.5261105298995972
0.08937248587608337,-0.0014651227975264192,0.5275161862373352
0.0904182568192482,-0.0014662420144304633,0.5279191732406616
0.04739039018750191,-0.0004786908102687448,0.5170566439628601
0.04832969233393669,-0.00047851179260760546,0.5168632864952087
0.04930515214800835,-0.0004786908102687448,0.5170566439628601
0.0502813458442688,-0.0004788699734490365,0.5172501802444458
0.05125826969742775,-0.00047904925304464996,0.517443835735321
0.05221636965870857,-0.00047904925304464996,0.517443835735321
0.053194381296634674,-0.0004792286781594157,0.5176376104354858
0.05419343337416649,-0.0004795879067387432,0.5180256366729736
0.055193983018398285,-0.00047994768829084933,0.5184142589569092
0.056153878569602966,-0.00047994768829084933,0.5184142589569092
0.0571352057158947,-0.0004801277827937156,0.518608808517456
0.05811727046966553,-0.00048030802281573415,0.5188034772872925
0.05907788500189781,-0.00048030802281573415,0.5188034772872925
0.06006104499101639,-0.0004804883792530745,0.5189982652664185
0.06102202460169792,-0.0004804883792530745,0.5189982652664185
0.06202958524227142,-0.0004808494995813817,0.5193883776664734
0.06299128383398056,-0.0004808494995813817,0.5193883776664734
0.0639529824256897,-0.0004808494995813817,0.5193883776664734
0.0648902952671051,-0.0004806688812095672,0.5191932320594788
0.06585163623094559,-0.0004806688812095672,0.5191932320594788
0.06676281243562698,-0.00048030802281573415,0.5188034772872925
0.06769801676273346,-0.0004801277827937156,0.518608808517456
0.06860678642988205,-0.00047976773930713534,0.5182198882102966
0.0695141926407814,-0.0004794082196895033,0.517831563949585
0.07042024284601212,-0.00047904925304464996,0.517443835735321
0.07135162502527237,-0.0004788699734490365,0.5172501802444458
0.07228231430053711,-0.0004786908102687448,0.5170566439628601
0.07323969155550003,-0.0004786908102687448,0.5170566439628601
0.07419707626104355,-0.0004786908102687448,0.5170566439628601
0.07515446096658707,-0.0004786908102687448,0.5170566439628601
0.07614032179117203,-0.0004788699734490365,0.5172501802444458
0.07715581357479095,-0.0004792286781594157,0.5176376104354858
0.07817283272743225,-0.0004795879067387432,0.5180256366729736
0.07925081998109818,-0.00048030802281573415,0.5188034772872925
0.08030186593532562,-0.0004808494995813817,0.5193883776664734
0.08135528862476349,-0.00048139222781173885,0.5199745893478394
0.0825977474451065,-0.00048302774666808546,0.5217412114143372
0.08369017392396927,-0.000483758223708719,0.522530198097229
0.08478591591119766,-0.00048449094174429774,0.5233216285705566
0.08588497340679169,-0.0004852258425671607,0.5241154432296753
0.08695434778928757,-0.00048577849520370364,0.5247123837471008
0.08809313178062439,-0.0004867023671977222,0.5257102847099304
0.08933839201927185,-0.00048818791401572526,0.5273149013519287
0.09045280516147614,-0.0004889341071248055,0.5281208753585815
0.04739039018750191,0.0004786908102687448,0.5170566439628601
0.04834777116775513,0.0004786908102687448,0.5170566439628601
0.04930515214800835,0.0004786908102687448,0.5170566439628601
0.0502813458442688,0.0004788699734490365,0.5172501802444458
0.051277466118335724,0.0004792286781594157,0.5176376104354858
0.05225549638271332,0.0004794082196895033,0.517831563949585
0.05325421690940857,0.00047976773930713534,0.5182198882102966
0.0542544387280941,0.0004801277827937156,0.518608808517456
0.05525616183876991,0.0004804883792530745,0.5189982652664185
0.05623825639486313,0.0004806688812095672,0.5191932320594788
0.05722109228372574,0.0004808494995813817,0.5193883776664734
0.058204662054777145,0.00048103026347234845,0.5195835828781128
0.059188976883888245,0.0004812111728824675,0.5197790265083313
0.06015139818191528,0.0004812111728824675,0.5197790265083313
0.06113681197166443,0.00048139222781173885,0.5199745893478394
0.06214635819196701,0.00048175471602007747,0.5203661322593689
0.0631098672747612,0.00048175471602007747,0.5203661322593689
0.06404926627874374,0.000481573399156332,0.520170271396637
0.06498795002698898,0.00048139222781173885,0.5199745893478394
0.06590114533901215,0.00048103026347234845,0.5195835828781128
0.06683807820081711,0.0004808494995813817,0.5193883776664734
0.06779978424310684,0.0004808494995813817,0.5193883776664734
0.06868404895067215,0.00048030802281573415,0.5188034772872925
0.06956632435321808,0.00047976773930713534,0.5182198882102966
0.07047300785779953,0.0004794082196895033,0.517831563949585
0.07137833535671234,0.00047904925304464996,0.517443835735321
0.07228231430053711,0.0004786908102687448,0.5170566439628601
0.07321230322122574,0.00047851179260760546,0.5168632864952087
0.07419707626104355,0.0004786908102687448,0.5170566439628601
0.07515446096658707,0.0004786908102687448,0.5170566439628601
0.07611183822154999,0.0004786908102687448,0.5170566439628601
0.07712692767381668,0.00047904925304464996,0.517443835735321
0.07811427116394043,0.0004792286781594157,0.5176376104354858
0.07916167378425598,0.00047976773930713534,0.5182198882102966
0.08027169853448868,0.0004806688812095672,0.5191932320594788
0.08126356452703476,0.0004808494995813817,0.5193883776664734
0.08250430971384048,0.00048248135135509074,0.5211510062217712
0.08365854620933533,0.00048357542254962027,0.5223327279090881
0.08475381880998611,0.00048430755850858986,0.523123562335968
0.08581988513469696,0.0004848581156693399,0.5237182378768921
0.0868883728981018,0.00048540992429479957,0.524314284324646
0.08792590349912643,0.00048577849520370364,0.5247123837471008
0.08930431306362152,0.00048800173681229353,0.5271137952804565
0.09062595665454865,0.0004898700281046331,0.5291318297386169
0.04646777734160423,0.0014371477300301194,0.517443835735321
0.047408126294612885,0.001436609891243279,0.5172501802444458
0.048365864902734756,0.001436609891243279,0.5172501802444458
0.04932360723614693,0.001436609891243279,0.5172501802444458
0.05030016973614693,0.0014371477300301194,0.517443835735321
0.05129668116569519,0.0014382246881723404,0.517831563949585
0.05229468271136284,0.0014393031597137451,0.5182198882102966
0.05327419191598892,0.0014398430939763784,0.5184142589569092
0.05433599278330803,0.0014425484696403146,0.5193883776664734
0.05533928796648979,0.0014436335768550634,0.5197790265083313
0.05634408816695213,0.001444720197468996,0.520170271396637
0.05732881277799606,0.0014452642062678933,0.5203661322593689
0.05831427872180939,0.001445808564312756,0.5205621123313904
0.059300485998392105,0.0014463532716035843,0.5207582712173462
0.06028743460774422,0.0014468984445556998,0.5209545493125916
0.06127513200044632,0.0014474440831691027,0.5211510062217712
0.06224009394645691,0.0014474440831691027,0.5211510062217712
0.0632050558924675,0.0014474440831691027,0.5211510062217712
0.06412166357040405,0.0014463532716035843,0.5207582712173462
0.06503688544034958,0.0014452642062678933,0.5203661322593689
0.06597555428743362,0.001444720197468996,0.520170271396637
0.06691352277994156,0.001444176654331386,0.5199745893478394
0.06785077601671219,0.0014436335768550634,0.5197790265083313
0.06876148283481598,0.0014425484696403146,0.5193883776664734
0.06964465975761414,0.0014409240102395415,0.5188034772872925
0.07052585482597351,0.0014393031597137451,0.5182198882102966
0.07143182307481766,0.0014382246881723404,0.517831563949585
0.07230936735868454,0.001436609891243279,0.5172501802444458
0.07323969155550003,0.001436072401702404,0.5170566439628601
0.0741693302989006,0.0014355353778228164,0.5168632864952087
0.07512634992599487,0.0014355353778228164,0.5168632864952087
0.07608337700366974,0.0014355353778228164,0.5168632864952087
0.0770692229270935,0.001436072401702404,0.5170566439628601
0.0780850276350975,0.0014371477300301194,0.517443835735321
0.07910235971212387,0.0014382246881723404,0.517831563949585
0.08015126734972,0.0014398430939763784,0.5184142589569092
0.08120253682136536,0.0014414651086553931,0.5189982652664185
0.08231806755065918,0.001444176654331386,0.5199745893478394
0.08362694084644318,0.00145017821341753,0.5221353769302368
0.08472175151109695,0.0014523728750646114,0.522925615310669
0.08578737825155258,0.0014540232950821519,0.5235198736190796
0.08685542643070221,0.0014556775568053126,0.5241154432296753
0.08785919845104218,0.0014562297146767378,0.524314284324646
0.08930431306362152,0.0014640052104368806,0.5271137952804565
0.09073016792535782,0.0014712999109178782,0.5297402739524841
0.04646777734160423,0.0023952461779117584,0.517443835735321
0.047408126294612885,0.002394349779933691,0.5172501802444458
0.048365864902734756,0.002394349779933691,0.5172501802444458
0.0493420735001564,0.0023952461779117584,0.517443835735321
0.05031900852918625,0.0023961432743817568,0.5176376104354858
0.05131590738892555,0.0023979395627975464,0.5180256366729736
0.05229468271136284,0.0023988387547433376,0.5182198882102966
0.05331419035792351,0.00240154005587101,0.5188034772872925
0.054376862943172455,0.0024060558062046766,0.5197790265083313
0.05542265996336937,0.0024096809793263674,0.5205621123313904
0.05642903968691826,0.002411497524008155,0.5209545493125916
0.05743693932890892,0.0024133166298270226,0.5213475823402405
0.05842430517077446,0.0024142274633049965,0.5215442776679993
0.05941241607069969,0.0024151387624442577,0.5217412114143372
0.06037846952676773,0.0024151387624442577,0.5217412114143372
0.061367690563201904,0.00241605076007545,0.5219382047653198
0.06233411282300949,0.00241605076007545,0.5219382047653198
0.06330053508281708,0.00241605076007545,0.5219382047653198
0.0642184466123581,0.0024142274633049965,0.5215442776679993
0.06513497978448868,0.0024124067276716232,0.5211510062217712
0.0660252571105957,0.0024096809793263674,0.5205621123313904
0.06696390360593796,0.0024087736383080482,0.5203661322593689
0.0679018497467041,0.00240786699578166,0.520170271396637
0.06878732889890671,0.002405151491984725,0.5195835828781128
0.06969698518514633,0.0024033442605286837,0.5191932320594788
0.07057878375053406,0.0024006390012800694,0.518608808517456
0.07148539274930954,0.0023988387547433376,0.5182198882102966
0.07236352562904358,0.0023961432743817568,0.5176376104354858
0.07323969155550003,0.0023934540804475546,0.5170566439628601
0.0741693302989006,0.002392559079453349,0.5168632864952087
0.07512634992599487,0.002392559079453349,0.5168632864952087
0.07608337700366974,0.002392559079453349,0.5168632864952087
0.0770692229270935,0.0023934540804475546,0.5170566439628601
0.07805580645799637,0.002394349779933691,0.5172501802444458
0.0790727287530899,0.0023961432743817568,0.5176376104354858
0.08009117841720581,0.0023979395627975464,0.5180256366729736
0.08108074963092804,0.0023988387547433376,0.5182198882102966
0.08204028010368347,0.0023988387547433376,0.5182198882102966
0.08328085392713547,0.002406961051747203,0.5199745893478394
0.08581988513469696,0.0024242906365543604,0.5237182378768921
0.0868225023150444,0.002425209619104862,0.5239167809486389
0.08782587945461273,0.002426129300147295,0.5241154432296753
0.08927027136087418,0.0024390784092247486,0.5269128680229187
0.09073016792535782,0.0024521665181964636,0.5297402739524841
0.04646777734160423,0.0033533447422087193,0.517443835735321
0.047408126294612885,0.003352089785039425,0.5172501802444458
0.048365864902734756,0.003352089785039425,0.5172501802444458
0.049360550940036774,0.0033546006307005882,0.5176376104354858
0.050337862223386765,0.003355857450515032,0.517831563949585
0.05129668116569519,0.003355857450515032,0.517831563949585
0.05231429636478424,0.003359633730724454,0.5184142589569092
0.05335424467921257,0.0033646821975708008,0.5191932320594788
0.054417796432971954,0.003371013794094324,0.520170271396637
0.05546444281935692,0.003376096487045288,0.5209545493125916
0.05651424825191498,0.0033811943139880896,0.5217412114143372
0.057523734867572784,0.0033837491646409035,0.5221353769302368
0.058512624353170395,0.0033850278705358505,0.5223327279090881
0.059502262622117996,0.003386307740584016,0.522530198097229
0.06049264967441559,0.003387588309124112,0.5227278470993042
0.06148378551006317,0.0033888700418174267,0.522925615310669
0.0624520368874073,0.0033888700418174267,0.522925615310669
0.06344428658485413,0.0033901529386639595,0.523123562335968
0.06433984637260437,0.003386307740584016,0.522530198097229
0.06525801867246628,0.0033837491646409035,0.5221353769302368
0.06612487882375717,0.0033786434214562178,0.5213475823402405
0.06701436638832092,0.0033748243004083633,0.5207582712173462
0.06795299798250198,0.003373553277924657,0.5205621123313904
0.06883908808231354,0.0033697455655783415,0.5199745893478394
0.06972318142652512,0.0033659464679658413,0.5193883776664734
0.07063179463148117,0.0033634186256676912,0.5189982652664185
0.07151220738887787,0.003359633730724454,0.5184142589569092
0.07241777330636978,0.0033571154344826937,0.5180256366729736
0.07329453527927399,0.0033533447422087193,0.517443835735321
0.07419707626104355,0.003350835759192705,0.5170566439628601
0.07509826868772507,0.003348330268636346,0.5166700482368469
0.07605493068695068,0.003348330268636346,0.5166700482368469
0.07704039663076401,0.00334958266466856,0.5168632864952087
0.07802660018205643,0.003350835759192705,0.5170566439628601
0.07904312759637833,0.0033533447422087193,0.517443835735321
0.08003118634223938,0.0033546006307005882,0.5176376104354858
0.08101999014616013,0.003355857450515032,0.517831563949585
0.08200953155755997,0.0033571154344826937,0.5180256366729736
0.08678960055112839,0.0033940067514777184,0.5237182378768921
0.08782587945461273,0.0033965809270739555,0.5241154432296753
0.0890665352344513,0.0034069165121763945,0.5257102847099304
0.09062595665454865,0.0034290903713554144,0.5291318297386169
0.04648518189787865,0.004313058219850063,0.5176376104354858
0.047425877302885056,0.00431144330650568,0.517443835735321
0.048365864902734756,0.004309829790145159,0.5172501802444458
0.049360550940036774,0.004313058219850063,0.5176376104354858
0.05031900852918625,0.004313058219850063,0.5176376104354858
0.05131590738892555,0.004316291306167841,0.5180256366729736
0.052333928644657135,0.00432115001603961,0.518608808517456
0.05335424467921257,0.004326019901782274,0.5191932320594788
0.054438281804323196,0.0043357922695577145,0.5203661322593689
0.05550628527998924,0.004343970213085413,0.5213475823402405
0.05657832324504852,0.004352178890258074,0.5223327279090881
0.05761079117655754,0.004357118625193834,0.522925615310669
0.05860121175646782,0.004358767997473478,0.523123562335968
0.05961495637893677,0.0043620700016617775,0.5235198736190796
0.06063023954629898,0.004365377128124237,0.5239167809486389
0.06164705753326416,0.004368689376860857,0.524314284324646
0.06261787563562393,0.004368689376860857,0.524314284324646
0.0635887011885643,0.004368689376860857,0.524314284324646
0.06451057642698288,0.004365377128124237,0.5239167809486389
0.06540627777576447,0.004360418301075697,0.5233216285705566
0.06622480601072311,0.00435053464025259,0.5221353769302368
0.06709020584821701,0.004343970213085413,0.5213475823402405
0.06797860562801361,0.004339059814810753,0.5207582712173462
0.06886499375104904,0.004334160592406988,0.520170271396637
0.0697493925690651,0.004329272545874119,0.5195835828781128
0.07065832614898682,0.004326019901782274,0.5191932320594788
0.0715658962726593,0.004322771914303303,0.5188034772872925
0.07244493067264557,0.004317909479141235,0.5182198882102966
0.07332198321819305,0.004313058219850063,0.5176376104354858
0.07422484457492828,0.004309829790145159,0.5172501802444458
0.07512634992599487,0.004306606017053127,0.5168632864952087
0.07605493068695068,0.0043049962259829044,0.5166700482368469
0.07704039663076401,0.004306606017053127,0.5168632864952087
0.07799742370843887,0.004306606017053127,0.5168632864952087
0.07898398488759995,0.004308217205107212,0.5170566439628601
0.07997128367424011,0.004309829790145159,0.5172501802444458
0.08095932006835938,0.00431144330650568,0.517443835735321
0.08775931596755981,0.00436372309923172,0.5237182378768921
0.04648518189787865,0.005271515343338251,0.5176376104354858
0.047408126294612885,0.005267569795250893,0.5172501802444458
0.048365864902734756,0.005267569795250893,0.5172501802444458
0.049360550940036774,0.005271515343338251,0.5176376104354858
0.05031900852918625,0.005271515343338251,0.5176376104354858
0.05131590738892555,0.005275466945022345,0.5180256366729736
0.052333928644657135,0.00528140552341938,0.518608808517456
0.05337429419159889,0.00528934458270669,0.5193883776664734
0.054438281804323196,0.005299301818013191,0.5203661322593689
0.055485356599092484,0.005307294894009829,0.5211510062217712
0.05659971386194229,0.005321340635418892,0.522530198097229
0.05765442177653313,0.005329400300979614,0.5233216285705566
0.05869007110595703,0.0053354608826339245,0.5239167809486389
0.05970542132854462,0.005339508876204491,0.524314284324646
0.06072231009602547,0.005343563389033079,0.5247123837471008
0.06171729788184166,0.005345592740923166,0.524911642074585
0.062736876308918,0.005349656566977501,0.5253106951713562
0.0636853352189064,0.005347623955458403,0.5251110792160034
0.0646330788731575,0.005345592740923166,0.524911642074585
0.06553033739328384,0.005339508876204491,0.524314284324646
0.06632503122091293,0.005325367208570242,0.522925615310669
0.06721698492765427,0.00531932944431901,0.5223327279090881
0.06805553287267685,0.0053092967718839645,0.5213475823402405
0.06889092177152634,0.005299301818013191,0.5203661322593689
0.06977561861276627,0.005293323192745447,0.5197790265083313
0.07065832614898682,0.005287357605993748,0.5191932320594788
0.0715658962726593,0.0052833883091807365,0.5188034772872925
0.07247210294008255,0.005279424600303173,0.5184142589569092
0.07334946095943451,0.005273490212857723,0.517831563949585
0.07422484457492828,0.005267569795250893,0.5172501802444458
0.07512634992599487,0.005263629835098982,0.5168632864952087
0.07605493068695068,0.005261661950498819,0.5166700482368469
0.0770116001367569,0.005261661950498819,0.5166700482368469
0.07796826213598251,0.005261661950498819,0.5166700482368469
0.07895444333553314,0.005263629835098982,0.5168632864952087
0.07994136214256287,0.005265599116683006,0.5170566439628601
0.08089874684810638,0.005265599116683006,0.5170566439628601
0.08775931596755981,0.005333438981324434,0.5237182378768921
0.04739039018750191,0.006222980562597513,0.5170566439628601
0.048365864902734756,0.006225309334695339,0.5172501802444458
0.049360550940036774,0.006229972466826439,0.5176376104354858
0.050337862223386765,0.006232306826859713,0.517831563949585
0.05133514851331711,0.00623698066920042,0.5182198882102966
0.052353572100400925,0.006244004238396883,0.5188034772872925
0.05337429419159889,0.006251043640077114,0.5193883776664734
0.054417796432971954,0.006260454189032316,0.520170271396637
0.05546444281935692,0.006269893143326044,0.5209545493125916
0.056663982570171356,0.006295998115092516,0.523123562335968
0.057719986885786057,0.006305544637143612,0.5239167809486389
0.058734599500894547,0.006310328841209412,0.524314284324646
0.05977344885468483,0.006317518651485443,0.524911642074585
0.06079154834151268,0.006322321016341448,0.5253106951713562
0.06181120127439499,0.0063271308317780495,0.5257102847099304
0.0627846047282219,0.0063271308317780495,0.5257102847099304
0.06378227472305298,0.0063295383006334305,0.5259103775024414
0.06470680236816406,0.006324725225567818,0.5255104303359985
0.06562992930412292,0.0063199191354215145,0.5251110792160034
0.06650115549564362,0.006310328841209412,0.524314284324646
0.06731875240802765,0.006295998115092516,0.523123562335968
0.06815837323665619,0.006284105591475964,0.5221353769302368
0.06896882504224777,0.006269893143326044,0.5209545493125916
0.06977561861276627,0.00625574542209506,0.5197790265083313
0.07068488001823425,0.006251043640077114,0.5193883776664734
0.0716196596622467,0.006248695310205221,0.5191932320594788
0.07247210294008255,0.0062393201515078545,0.5184142589569092
0.07337695360183716,0.006234642583876848,0.5180256366729736
0.07425263524055481,0.006227640435099602,0.517443835735321
0.07512634992599487,0.006220653187483549,0.5168632864952087
0.07605493068695068,0.006218327675014734,0.5166700482368469
0.0770116001367569,0.006218327675014734,0.5166700482368469
0.07796826213598251,0.006218327675014734,0.5166700482368469
0.07895444333553314,0.006220653187483549,0.5168632864952087
0.07991147041320801,0.006220653187483549,0.5168632864952087
0.08086849004030228,0.006220653187483549,0.5168632864952087
0.08775931596755981,0.006303155329078436,0.5237182378768921
0.04739039018750191,0.00718036200851202,0.5170566439628601
0.048365864902734756,0.007183049339801073,0.5172501802444458
0.0493420735001564,0.007185738533735275,0.517443835735321
0.050356730818748474,0.007193818688392639,0.5180256366729736
0.05135440453886986,0.0071992152370512486,0.5184142589569092
0.05237323418259621,0.0072073256596922874,0.5189982652664185
0.05339436233043671,0.007215454243123531,0.5195835828781128
0.054417796432971954,0.00722360098734498,0.520170271396637
0.055695366114377975,0.007264613173902035,0.523123562335968
0.056771423667669296,0.007278387434780598,0.5241154432296753
0.057785701006650925,0.007283912040293217,0.5245132446289062
0.058801520615816116,0.00728944456204772,0.524911642074585
0.05981888622045517,0.007294985931366682,0.5253106951713562
0.060837797820568085,0.007300535682588816,0.5257102847099304
0.06185825914144516,0.007306093815714121,0.5261105298995972
0.06285633146762848,0.007308875676244497,0.526310920715332
0.06380654871463776,0.007306093815714121,0.5261105298995972
0.06475605070590973,0.007303313352167606,0.5259103775024414
0.06567984074354172,0.007297759875655174,0.5255104303359985
0.06657692790031433,0.00728944456204772,0.524911642074585
0.06744638830423355,0.007278387434780598,0.5241154432296753
0.06828736513853073,0.007264613173902035,0.523123562335968
0.0690990537405014,0.0072481525130569935,0.5219382047653198
0.06993342190980911,0.007234492339193821,0.5209545493125916
0.07068488001823425,0.007212742697447538,0.5193883776664734
0.0715927705168724,0.0072073256596922874,0.5189982652664185
0.07249929755926132,0.007201916538178921,0.518608808517456
0.07337695360183716,0.007193818688392639,0.5180256366729736
0.07422484457492828,0.007183049339801073,0.5172501802444458
0.07512634992599487,0.007177677005529404,0.5168632864952087
0.07605493068695068,0.0071749938651919365,0.5166700482368469
0.07698281854391098,0.0071723125874996185,0.5164769887924194
0.07793913036584854,0.0071723125874996185,0.5164769887924194
0.07886596769094467,0.00716963317245245,0.5162840485572815
0.07988159358501434,0.0071749938651919365,0.5166700482368469
0.08086849004030228,0.007177677005529404,0.5168632864952087
0.047408126294612885,0.008140789344906807,0.5172501802444458
0.048365864902734756,0.008140789344906807,0.5172501802444458
0.049360550940036774,0.008146887645125389,0.5176376104354858
0.050356730818748474,0.008152994327247143,0.5180256366729736
0.0513736717402935,0.008162172511219978,0.518608808517456
0.052392907440662384,0.008171371184289455,0.5191932320594788
0.053454648703336716,0.008186748251318932,0.520170271396637
0.05449984222650528,0.00819909106940031,0.5209545493125916
0.055737562477588654,0.00823946576565504,0.5235198736190796
0.056792959570884705,0.008251968771219254,0.524314284324646
0.05780763924121857,0.008258234709501266,0.5247123837471008
0.05882386118173599,0.008264509961009026,0.5251110792160034
0.05984162911772728,0.00827079452574253,0.5255104303359985
0.06086094677448273,0.008277088403701782,0.5259103775024414
0.061881814152002335,0.008283392526209354,0.526310920715332
0.06288027763366699,0.008286547847092152,0.5265113711357117
0.06383085250854492,0.008283392526209354,0.526310920715332
0.06478069722652435,0.008280239067971706,0.5261105298995972
0.0657048225402832,0.008273940533399582,0.5257102847099304
0.06660222262144089,0.008264509961009026,0.5251110792160034
0.06747198104858398,0.008251968771219254,0.524314284324646
0.06831321865320206,0.008236345835030079,0.5233216285705566
0.0690990537405014,0.008214573375880718,0.5219382047653198
0.06990707665681839,0.008196001872420311,0.5207582712173462
0.0707380473613739,0.008180590346455574,0.5197790265083313
0.0715927705168724,0.008168302476406097,0.5189982652664185
0.07249929755926132,0.008162172511219978,0.518608808517456
0.07337695360183716,0.008152994327247143,0.5180256366729736
0.07422484457492828,0.008140789344906807,0.5172501802444458
0.07509826868772507,0.008131659589707851,0.5166700482368469
0.07602651417255402,0.008128620684146881,0.5164769887924194
0.07695406675338745,0.008125584572553635,0.5162840485572815
0.07791001349687576,0.008125584572553635,0.5162840485572815
0.07886596769094467,0.008125584572553635,0.5162840485572815
0.07985174655914307,0.008128620684146881,0.5164769887924194
0.08083826303482056,0.008131659589707851,0.5166700482368469
0.047425877302885056,0.009101935662329197,0.517443835735321
0.04838397353887558,0.009101935662329197,0.517443835735321
0.049360550940036774,0.00910534430295229,0.5176376104354858
0.050356730818748474,0.009112169966101646,0.5180256366729736
0.05131590738892555,0.009112169966101646,0.5180256366729736
0.052412595599889755,0.0091361403465271,0.5193883776664734
0.05349491536617279,0.00915678683668375,0.5205621123313904
0.054561540484428406,0.009174063801765442,0.5215442776679993
0.055737562477588654,0.00920881424099207,0.5235198736190796
0.056792959570884705,0.009222788736224174,0.524314284324646
0.0578295961022377,0.009233296848833561,0.524911642074585
0.05886859446763992,0.009243829175829887,0.5255104303359985
0.05986439064145088,0.00924734491854906,0.5257102847099304
0.06088411435484886,0.009254385717213154,0.5261105298995972
0.0619053915143013,0.009261435829102993,0.5265113711357117
0.06288027763366699,0.009261435829102993,0.5265113711357117
0.06385516375303268,0.009261435829102993,0.5265113711357117
0.06478069722652435,0.009254385717213154,0.5261105298995972
0.0657048225402832,0.00924734491854906,0.5257102847099304
0.06660222262144089,0.009236805140972137,0.5251110792160034
0.06747198104858398,0.009222788736224174,0.524314284324646
0.06833909451961517,0.00920881424099207,0.5235198736190796
0.06912516057491302,0.009184462018311024,0.5221353769302368
0.06990707665681839,0.0091602373868227,0.5207582712173462
0.07087130844593048,0.0091602373868227,0.5207582712173462
0.0716196596622467,0.009132708422839642,0.5191932320594788
0.07249929755926132,0.009122427552938461,0.518608808517456
0.07337695360183716,0.009112169966101646,0.5180256366729736
0.07422484457492828,0.009098528884351254,0.5172501802444458
0.07509826868772507,0.009088325314223766,0.5166700482368469
0.07602651417255402,0.009084928780794144,0.5164769887924194
0.07695406675338745,0.009081535041332245,0.5162840485572815
0.07791001349687576,0.009081535041332245,0.5162840485572815
0.07886596769094467,0.009081535041332245,0.5162840485572815
0.07982191443443298,0.009081535041332245,0.5162840485572815
0.08080805093050003,0.009084928780794144,0.5164769887924194
0.04838397353887558,0.01006003376096487,0.517443835735321
0.04937904700636864,0.010067572817206383,0.517831563949585
0.05037561058998108,0.010075122117996216,0.5182198882102966
0.0513736717402935,0.010082683525979519,0.518608808517456
0.052412595599889755,0.010097839869558811,0.5193883776664734
0.05349491536617279,0.010120660066604614,0.5205621123313904
0.0545821376144886,0.010143582709133625,0.5217412114143372
0.05571645498275757,0.010174309834837914,0.5233216285705566
0.056771423667669296,0.010189742781221867,0.5241154432296753
0.05780763924121857,0.01020134799182415,0.5247123837471008
0.05886859446763992,0.010216863825917244,0.5255104303359985
0.05988717079162598,0.010224639438092709,0.5259103775024414
0.06088411435484886,0.010228531435132027,0.5261105298995972
0.061881814152002335,0.010232426226139069,0.526310920715332
0.06288027763366699,0.010236324742436409,0.5265113711357117
0.06385516375303268,0.010236324742436409,0.5265113711357117
0.06478069722652435,0.010228531435132027,0.5261105298995972
0.06572981923818588,0.010224639438092709,0.5259103775024414
0.06665287166833878,0.010216863825917244,0.5255104303359985
0.06757451593875885,0.01020910032093525,0.5251110792160034
0.0682615265250206,0.010166610591113567,0.522925615310669
0.0690990537405014,0.010147413238883018,0.5219382047653198
0.06990707665681839,0.01012447290122509,0.5207582712173462
0.0707380473613739,0.0101054348051548,0.5197790265083313
0.0715927705168724,0.010090256109833717,0.5189982652664185
0.07249929755926132,0.010082683525979519,0.518608808517456
0.07337695360183716,0.01007134560495615,0.5180256366729736
0.07425263524055481,0.01006003376096487,0.517443835735321
0.07509826868772507,0.010044991038739681,0.5166700482368469
0.07599811255931854,0.01003748644143343,0.5162840485572815
0.07695406675338745,0.01003748644143343,0.5162840485572815
0.07788091897964478,0.010033738799393177,0.5160912871360779
0.07883651554584503,0.010033738799393177,0.5160912871360779
0.07982191443443298,0.01003748644143343,0.5162840485572815
0.08080805093050003,0.01004123780876398,0.5164769887924194
0.049397554248571396,0.011030522175133228,0.5180256366729736
0.05037561058998108,0.011034658178687096,0.5182198882102966
0.05139295756816864,0.011047083884477615,0.5188034772872925
0.05243229866027832,0.011063696816563606,0.5195835828781128
0.05349491536617279,0.011084532365202904,0.5205621123313904
0.0545821376144886,0.011109638959169388,0.5217412114143372
0.055674295872449875,0.011134859174489975,0.522925615310669
0.05672839656472206,0.011151736602187157,0.5237182378768921
0.057785701006650925,0.011168665252625942,0.5245132446289062
0.05882386118173599,0.011181395500898361,0.5251110792160034
0.05986439064145088,0.011194154620170593,0.5257102847099304
0.06088411435484886,0.0112026771530509,0.5261105298995972
0.061881814152002335,0.011206942610442638,0.526310920715332
0.06285633146762848,0.011206942610442638,0.526310920715332
0.06380654871463776,0.0112026771530509,0.5261105298995972
0.06475605070590973,0.011198414489626884,0.5259103775024414
0.0657048225402832,0.011194154620170593,0.5257102847099304
0.06670359522104263,0.011198414489626884,0.5259103775024414
0.06762591004371643,0.0111898984760046,0.5255104303359985
0.06823571026325226,0.011130647733807564,0.5227278470993042
0.06912516057491302,0.011118032969534397,0.5221353769302368
0.07006547600030899,0.011113833636045456,0.5219382047653198
0.07065832614898682,0.011055383831262589,0.5191932320594788
0.0715658962726593,0.011047083884477615,0.5188034772872925
0.07247210294008255,0.011038796976208687,0.5184142589569092
0.07337695360183716,0.011030522175133228,0.5180256366729736
0.07422484457492828,0.011014008894562721,0.5172501802444458
0.07509826868772507,0.011001656763255596,0.5166700482368469
0.07599811255931854,0.010993437841534615,0.5162840485572815
0.07692532986402512,0.01098933257162571,0.5160912871360779
0.07788091897964478,0.01098933257162571,0.5160912871360779
0.07883651554584503,0.01098933257162571,0.5160912871360779
0.07979211211204529,0.01098933257162571,0.5160912871360779
0.08077786862850189,0.010993437841534615,0.5162840485572815
0.04941607639193535,0.0119941933080554,0.5182198882102966
0.050394508987665176,0.011998692527413368,0.5184142589569092
0.05139295756816864,0.01200770027935505,0.5188034772872925
0.05243229866027832,0.012025756761431694,0.5195835828781128
0.05347477272152901,0.012043868191540241,0.5203661322593689
0.054561540484428406,0.012071137316524982,0.5215442776679993
0.05563219636678696,0.012093955650925636,0.522530198097229
0.05670690909028053,0.012116861529648304,0.5235198736190796
0.057763781398534775,0.012135247699916363,0.524314284324646
0.058801520615816116,0.012149075046181679,0.524911642074585
0.05984162911772728,0.012162933126091957,0.5255104303359985
0.06086094677448273,0.01217218954116106,0.5259103775024414
0.061881814152002335,0.012181459926068783,0.526310920715332
0.06283240765333176,0.012176822870969772,0.5261105298995972
0.06378227472305298,0.01217218954116106,0.5259103775024414
0.06470680236816406,0.012162933126091957,0.5255104303359985
0.06562992930412292,0.012153690680861473,0.5251110792160034
0.06657692790031433,0.012149075046181679,0.524911642074585
0.06726782768964767,0.012098530307412148,0.5227278470993042
0.06820990890264511,0.012093955650925636,0.522530198097229
0.06907296925783157,0.012075694277882576,0.5217412114143372
0.06982814520597458,0.012039335444569588,0.520170271396637
0.07068488001823425,0.01202123798429966,0.5193883776664734
0.0715658962726593,0.01200770027935505,0.5188034772872925
0.07247210294008255,0.011998692527413368,0.5184142589569092
0.07334946095943451,0.011985205113887787,0.517831563949585
0.07419707626104355,0.011967270635068417,0.5170566439628601
0.07509826868772507,0.011958322487771511,0.5166700482368469
0.07599811255931854,0.011949388310313225,0.5162840485572815
0.07692532986402512,0.011944926343858242,0.5160912871360779
0.07788091897964478,0.011944926343858242,0.5160912871360779
0.07883651554584503,0.011944926343858242,0.5160912871360779
0.07979211211204529,0.011944926343858242,0.5160912871360779
0.08074770122766495,0.011944926343858242,0.5160912871360779
0.05041341856122017,0.012963450513780117,0.518608808517456
0.05141225457191467,0.012973185628652573,0.5189982652664185
0.05243229866027832,0.012987817637622356,0.5195835828781128
0.053454648703336716,0.013002482242882252,0.520170271396637
0.05449984222650528,0.013022086583077908,0.5209545493125916
0.05559016391634941,0.01305160392075777,0.5221353769302368
0.056663982570171356,0.013076303526759148,0.523123562335968
0.057719986885786057,0.013096131384372711,0.5239167809486389
0.05877919867634773,0.01311601884663105,0.5247123837471008
0.05984162911772728,0.013135967776179314,0.5255104303359985
0.06086094677448273,0.013145964592695236,0.5259103775024414
0.06183472275733948,0.013145964592695236,0.5259103775024414
0.0627846047282219,0.013140964321792126,0.5257102847099304
0.06370954215526581,0.0131309749558568,0.5253106951713562
0.06465763598680496,0.013125985860824585,0.5251110792160034
0.0655800923705101,0.01311601884663105,0.5247123837471008
0.06647594273090363,0.013101098127663136,0.5241154432296753
0.06734424084424973,0.013081255368888378,0.5233216285705566
0.06820990890264511,0.013061472214758396,0.522530198097229
0.06904690712690353,0.013036828488111496,0.5215442776679993
0.06985443085432053,0.01300737727433443,0.5203661322593689
0.07065832614898682,0.012978059239685535,0.5191932320594788
0.07153903692960739,0.012963450513780117,0.518608808517456
0.07244493067264557,0.012953728437423706,0.5182198882102966
0.07332198321819305,0.012939173728227615,0.5176376104354858
0.0741693302989006,0.012919818051159382,0.5168632864952087
0.07507020235061646,0.012910162098705769,0.5164769887924194
0.07599811255931854,0.01290533971041441,0.5162840485572815
0.07692532986402512,0.01290052104741335,0.5160912871360779
0.07788091897964478,0.01290052104741335,0.5160912871360779
0.07883651554584503,0.01290052104741335,0.5160912871360779
0.07979211211204529,0.01290052104741335,0.5160912871360779
0.08074770122766495,0.01290052104741335,0.5160912871360779
0.05043233931064606,0.013928932137787342,0.5188034772872925
0.05141225457191467,0.013934162445366383,0.5189982652664185
0.052412595599889755,0.013944636099040508,0.5193883776664734
0.053454648703336716,0.013965629041194916,0.520170271396637
0.05447930842638016,0.013981414958834648,0.5207582712173462
0.05554819107055664,0.014007804915308952,0.5217412114143372
0.05662111937999725,0.01403429452329874,0.5227278470993042
0.05765442177653313,0.014050236903131008,0.5233216285705566
0.058734599500894547,0.014076887629926205,0.524314284324646
0.05981888622045517,0.014103639870882034,0.5253106951713562
0.060814663767814636,0.01410900242626667,0.5255104303359985
0.06176421418786049,0.014103639870882034,0.5253106951713562
0.06271304190158844,0.014098281040787697,0.5251110792160034
0.06363698095083237,0.014087576419115067,0.5247123837471008
0.06458401679992676,0.014082229696214199,0.5245132446289062
0.0655054897069931,0.014071549288928509,0.5241154432296753
0.06640040129423141,0.014055559411644936,0.5235198736190796
0.06729327887296677,0.014039604924619198,0.522925615310669
0.06815837323665619,0.014018389396369457,0.5221353769302368
0.06889092177152634,0.013970887288451195,0.5203661322593689
0.06985443085432053,0.013970887288451195,0.5203661322593689
0.07057878375053406,0.0139237055554986,0.518608808517456
0.07148539274930954,0.013913264498114586,0.5182198882102966
0.07239063829183578,0.013902838341891766,0.517831563949585
0.07329453527927399,0.013892428018152714,0.517443835735321
0.0741693302989006,0.013876842334866524,0.5168632864952087
0.07507020235061646,0.013866471126675606,0.5164769887924194
0.07599811255931854,0.013861291110515594,0.5162840485572815
0.07692532986402512,0.013856114819645882,0.5160912871360779
0.07788091897964478,0.013856114819645882,0.5160912871360779
0.07883651554584503,0.013856114819645882,0.5160912871360779
0.07979211211204529,0.013856114819645882,0.5160912871360779
0.08074770122766495,0.013856114819645882,0.5160912871360779
0.0514315702021122,0.014900734648108482,0.5191932320594788
0.052412595599889755,0.014906334690749645,0.5193883776664734
0.05343453586101532,0.014923159033060074,0.5199745893478394
0.05447930842638016,0.014945650473237038,0.5207582712173462
0.05550628527998924,0.01496256422251463,0.5213475823402405
0.05657832324504852,0.014990837313234806,0.5223327279090881
0.05763259902596474,0.015013533644378185,0.523123562335968
0.058667831122875214,0.015030601061880589,0.5237182378768921
0.05972807854413986,0.015053418464958668,0.5245132446289062
0.06072231009602547,0.015059133060276508,0.5247123837471008
0.06169386953115463,0.015059133060276508,0.5247123837471008
0.06264164298772812,0.015053418464958668,0.5245132446289062
0.06356458365917206,0.015042001381516457,0.5241154432296753
0.06448613107204437,0.015030601061880589,0.5237182378768921
0.06540627777576447,0.015019218437373638,0.5233216285705566
0.06632503122091293,0.015007853507995605,0.522925615310669
0.06716621667146683,0.014979515224695206,0.5219382047653198
0.06802987307310104,0.014956922270357609,0.5211510062217712
0.06899483501911163,0.014956922270357609,0.5211510062217712
0.06956632435321808,0.014872799627482891,0.5182198882102966
0.07052585482597351,0.014872799627482891,0.5182198882102966
0.07143182307481766,0.014861654490232468,0.517831563949585
0.07236352562904358,0.014856088906526566,0.5176376104354858
0.07323969155550003,0.014839415438473225,0.5170566439628601
0.07414159923791885,0.01482832059264183,0.5166700482368469
0.07507020235061646,0.014822779223322868,0.5164769887924194
0.07599811255931854,0.014817241579294205,0.5162840485572815
0.07692532986402512,0.014811708591878414,0.5160912871360779
0.07788091897964478,0.014811708591878414,0.5160912871360779
0.07883651554584503,0.014811708591878414,0.5160912871360779
0.07979211211204529,0.014811708591878414,0.5160912871360779
0.08074770122766495,0.014811708591878414,0.5160912871360779
0.0514315702021122,0.01586207188665867,0.5191932320594788
0.052412595599889755,0.015868034213781357,0.5193883776664734
0.053414441645145416,0.01587996818125248,0.5197790265083313
0.054438281804323196,0.015897905454039574,0.5203661322593689
0.055485356599092484,0.015921885147690773,0.5211510062217712
0.056535590440034866,0.015945935621857643,0.5219382047653198
0.05758900195360184,0.015970060601830482,0.5227278470993042
0.05862340331077576,0.015988200902938843,0.5233216285705566
0.05963754653930664,0.01600031740963459,0.5237182378768921
0.06063023954629898,0.016006382182240486,0.5239167809486389
0.06160032004117966,0.016006382182240486,0.5239167809486389
0.06254669278860092,0.01600031740963459,0.5237182378768921
0.0634683147072792,0.015988200902938843,0.5233216285705566
0.06438853591680527,0.01597610116004944,0.522925615310669
0.0653073638677597,0.015964021906256676,0.522530198097229
0.06617480516433716,0.01593991555273533,0.5217412114143372
0.06696390360593796,0.015897905454039574,0.5203661322593689
0.06782527267932892,0.015873998403549194,0.5195835828781128
0.0686582699418068,0.01584421657025814,0.518608808517456
0.06956632435321808,0.015832334756851196,0.5182198882102966
0.07047300785779953,0.015820471569895744,0.517831563949585
0.0714050680398941,0.01581454649567604,0.5176376104354858
0.07230936735868454,0.015802709385752678,0.5172501802444458
0.07321230322122574,0.015790889039635658,0.5168632864952087
0.07411389797925949,0.01577908731997013,0.5164769887924194
0.07507020235061646,0.01577908731997013,0.5164769887924194
0.07599811255931854,0.015773193910717964,0.5162840485572815
0.07692532986402512,0.015767302364110947,0.5160912871360779
0.07788091897964478,0.015767302364110947,0.5160912871360779
0.07883651554584503,0.015767302364110947,0.5160912871360779
0.07979211211204529,0.015767302364110947,0.5160912871360779
0.08077786862850189,0.015773193910717964,0.5162840485572815
0.05243229866027832,0.01683606021106243,0.5195835828781128
0.053414441645145416,0.016842391341924667,0.5197790265083313
0.054417796432971954,0.016855068504810333,0.520170271396637
0.05544354394078255,0.016874121502041817,0.5207582712173462
0.056492920964956284,0.0168995913118124,0.5215442776679993
0.05754547566175461,0.016925139352679253,0.5223327279090881
0.05853474512696266,0.01693153753876686,0.522530198097229
0.059502262622117996,0.01693153753876686,0.522530198097229
0.06049264967441559,0.016937941312789917,0.5227278470993042
0.06146053224802017,0.016937941312789917,0.5227278470993042
0.062428414821624756,0.016937941312789917,0.5227278470993042
0.06337232887744904,0.01693153753876686,0.522530198097229
0.06429123133420944,0.016918744891881943,0.5221353769302368
0.06518413871526718,0.0168995913118124,0.5215442776679993
0.06597555428743362,0.016855068504810333,0.520170271396637
0.06686320900917053,0.01683606021106243,0.5195835828781128
0.06774885952472687,0.016817092895507812,0.5189982652664185
0.06863252073526382,0.016798168420791626,0.5184142589569092
0.06954024732112885,0.016785576939582825,0.5180256366729736
0.07044661045074463,0.016773004084825516,0.5176376104354858
0.07137833535671234,0.01676672324538231,0.517443835735321
0.07228231430053711,0.01675417833030224,0.5170566439628601
0.07321230322122574,0.016747912392020226,0.5168632864952087
0.07411389797925949,0.016735395416617393,0.5164769887924194
0.07507020235061646,0.016735395416617393,0.5164769887924194
0.07599811255931854,0.016729144379496574,0.5162840485572815
0.07695406675338745,0.016729144379496574,0.5162840485572815
0.07788091897964478,0.016722897067666054,0.5160912871360779
0.07883651554584503,0.016722897067666054,0.5160912871360779
0.07982191443443298,0.016729144379496574,0.5162840485572815
0.052412595599889755,0.01779143139719963,0.5193883776664734
0.05339436233043671,0.01779812015593052,0.5195835828781128
0.05439732223749161,0.01781151257455349,0.5199745893478394
0.055401794612407684,0.017824925482273102,0.5203661322593689
0.05642903968691826,0.01784508116543293,0.5209545493125916
0.05748030170798302,0.017872028052806854,0.5217412114143372
0.05846843123435974,0.017878776416182518,0.5219382047653198
0.05943484976887703,0.017878776416182518,0.5219382047653198
0.06037846952676773,0.017872028052806854,0.5217412114143372
0.061321377754211426,0.01786528341472149,0.5215442776679993
0.062263570725917816,0.01785854436457157,0.5213475823402405
0.06322889775037766,0.01785854436457157,0.5213475823402405
0.06414583325386047,0.01784508116543293,0.5209545493125916
0.06501241028308868,0.017818216234445572,0.520170271396637
0.06590114533901215,0.01779812015593052,0.5195835828781128
0.06678788363933563,0.017778070643544197,0.5189982652664185
0.06767262518405914,0.017758063971996307,0.5184142589569092
0.06858107447624207,0.017744753509759903,0.5180256366729736
0.06948816031217575,0.01773145981132984,0.5176376104354858
0.0703938826918602,0.01771818846464157,0.5172501802444458
0.0712982565164566,0.017704935744404793,0.5168632864952087
0.07222826778888702,0.017698317766189575,0.5166700482368469
0.07318493723869324,0.017698317766189575,0.5166700482368469
0.07411389797925949,0.017691703513264656,0.5164769887924194
0.07504215836524963,0.017685094848275185,0.5162840485572815
0.07599811255931854,0.017685094848275185,0.5162840485572815
0.07695406675338745,0.017685094848275185,0.5162840485572815
0.07788091897964478,0.01767849177122116,0.5160912871360779
0.07883651554584503,0.01767849177122116,0.5160912871360779
0.07982191443443298,0.017685094848275185,0.5162840485572815
0.05339436233043671,0.018760180100798607,0.5195835828781128
0.054376862943172455,0.018767235800623894,0.5197790265083313
0.0553601048886776,0.01877429708838463,0.5199745893478394
0.056365303695201874,0.01878843456506729,0.5203661322593689
0.0573936402797699,0.01880967989563942,0.5209545493125916
0.05840226635336876,0.01882387138903141,0.5213475823402405
0.05934520438313484,0.01881677284836769,0.5211510062217712
0.06028743460774422,0.01880967989563942,0.5209545493125916
0.061228957027196884,0.018802592530846596,0.5207582712173462
0.062169767916202545,0.01879551075398922,0.5205621123313904
0.0631098672747612,0.01878843456506729,0.5203661322593689
0.0640251636505127,0.01877429708838463,0.5199745893478394
0.06491468101739883,0.018753129988908768,0.5193883776664734
0.0658269077539444,0.018739046528935432,0.5189982652664185
0.06673776358366013,0.01872498355805874,0.518608808517456
0.06764724850654602,0.018710941076278687,0.5182198882102966
0.06852970272302628,0.018689917400479317,0.5176376104354858
0.06943614780902863,0.018675928935408592,0.5172501802444458
0.07034123688936234,0.01866195909678936,0.5168632864952087
0.0712449699640274,0.01864801160991192,0.5164769887924194
0.07220128178596497,0.01864801160991192,0.5164769887924194
0.07315758615732193,0.01864801160991192,0.5164769887924194
0.07411389797925949,0.01864801160991192,0.5164769887924194
0.07504215836524963,0.018641047179698944,0.5162840485572815
0.07599811255931854,0.018641047179698944,0.5162840485572815
0.07695406675338745,0.018641047179698944,0.5162840485572815
0.07788091897964478,0.01863408461213112,0.5160912871360779
0.07880708575248718,0.01862712949514389,0.5158986449241638
0.07982191443443298,0.018641047179698944,0.5162840485572815
0.05337429419159889,0.019714830443263054,0.5193883776664734
0.054356422275304794,0.019722241908311844,0.5195835828781128
0.05533928796648979,0.01972965896129608,0.5197790265083313
0.056322891265153885,0.019737081602215767,0.5199745893478394
0.05735040456056595,0.01975938305258751,0.5205621123313904
0.058336250483989716,0.019766828045248985,0.5207582712173462
0.05927814915776253,0.01975938305258751,0.5205621123313904
0.06021934002637863,0.01975194364786148,0.5203661322593689
0.06115982308983803,0.0197445098310709,0.520170271396637
0.06207624450325966,0.01972965896129608,0.5197790265083313
0.06299128383398056,0.019714830443263054,0.5193883776664734
0.06392896175384521,0.01970742456614971,0.5191932320594788
0.06486593186855316,0.019700022414326668,0.5189982652664185
0.0657775029540062,0.01968523859977722,0.518608808517456
0.06668771803379059,0.019670477136969566,0.5182198882102966
0.0675712451338768,0.019648374989628792,0.5176376104354858
0.06847840547561646,0.019633667543530464,0.5172501802444458
0.06935827434062958,0.019611649215221405,0.5166700482368469
0.07028866559267044,0.01960432156920433,0.5164769887924194
0.07121835649013519,0.019596997648477554,0.5162840485572815
0.0721743106842041,0.019596997648477554,0.5162840485572815
0.07313025742769241,0.019596997648477554,0.5162840485572815
0.07405854761600494,0.019589679315686226,0.5160912871360779
0.07504215836524963,0.019596997648477554,0.5162840485572815
0.07599811255931854,0.019596997648477554,0.5162840485572815
0.07695406675338745,0.019596997648477554,0.5162840485572815
0.07788091897964478,0.019589679315686226,0.5160912871360779
0.07883651554584503,0.019589679315686226,0.5160912871360779
0.07985174655914307,0.01960432156920433,0.5164769887924194
0.05337429419159889,0.02067652903497219,0.5193883776664734
0.05433599278330803,0.02067652903497219,0.5193883776664734
0.05531848222017288,0.02068430185317993,0.5195835828781128
0.05630170926451683,0.02069208025932312,0.5197790265083313
0.057285673916339874,0.020699866116046906,0.5199745893478394
0.05827038362622261,0.02070765569806099,0.520170271396637
0.05921124294400215,0.020699866116046906,0.5199745893478394
0.06015139818191528,0.02069208025932312,0.5197790265083313
0.06109084561467171,0.02068430185317993,0.5195835828781128
0.062006283551454544,0.020668761804699898,0.5191932320594788
0.06292034685611725,0.020653244107961655,0.5188034772872925
0.06385699659585953,0.020645495504140854,0.518608808517456
0.0647929385304451,0.02063775062561035,0.5184142589569092
0.06575283408164978,0.02063775062561035,0.5184142589569092
0.06663773953914642,0.02061455324292183,0.517831563949585
0.06752066314220428,0.020591408014297485,0.5172501802444458
0.06840160489082336,0.02056831493973732,0.5166700482368469
0.06930645555257797,0.020552948117256165,0.5162840485572815
0.07023616880178452,0.020545274019241333,0.5160912871360779
0.07119176536798477,0.020545274019241333,0.5160912871360779
0.07214735448360443,0.020545274019241333,0.5160912871360779
0.07310295104980469,0.020545274019241333,0.5160912871360779
0.07403089851140976,0.02053760550916195,0.5158986449241638
0.0750141367316246,0.020545274019241333,0.5160912871360779
0.07596973329782486,0.020545274019241333,0.5160912871360779
0.07692532986402512,0.020545274019241333,0.5160912871360779
0.07788091897964478,0.020545274019241333,0.5160912871360779
0.07886596769094467,0.020552948117256165,0.5162840485572815
0.07985174655914307,0.020560629665851593,0.5164769887924194
0.05335424467921257,0.021630099043250084,0.5191932320594788
0.054315581917762756,0.021630099043250084,0.5191932320594788
0.05527691915631294,0.021630099043250084,0.5191932320594788
0.0562593936920166,0.021638227626681328,0.5193883776664734
0.05722109228372574,0.021638227626681328,0.5193883776664734
0.0581609345972538,0.021630099043250084,0.5191932320594788
0.059122271835803986,0.021630099043250084,0.5191932320594788
0.060038499534130096,0.02161386050283909,0.5188034772872925
0.06097622960805893,0.021605750545859337,0.518608808517456
0.061913251876831055,0.021597646176815033,0.5184142589569092
0.06284957379102707,0.021589547395706177,0.5182198882102966
0.06378519535064697,0.021581456065177917,0.5180256366729736
0.06472010910511017,0.021573370322585106,0.517831563949585
0.06565432995557785,0.021565290167927742,0.5176376104354858
0.06656292825937271,0.021549148485064507,0.5172501802444458
0.06741973757743835,0.021516937762498856,0.5164769887924194
0.06829947978258133,0.021492842584848404,0.5158986449241638
0.06925471127033234,0.021492842584848404,0.5158986449241638
0.07020995020866394,0.021492842584848404,0.5158986449241638
0.07116518914699554,0.021492842584848404,0.5158986449241638
0.07212042808532715,0.021492842584848404,0.5158986449241638
0.07307566702365875,0.021492842584848404,0.5158986449241638
0.07403089851140976,0.021492842584848404,0.5158986449241638
0.07498613744974136,0.021492842584848404,0.5158986449241638
0.07596973329782486,0.02150086872279644,0.5160912871360779
0.07692532986402512,0.02150086872279644,0.5160912871360779
0.07791001349687576,0.021508900448679924,0.5162840485572815
0.0788954347372055,0.021516937762498856,0.5164769887924194
0.07985174655914307,0.021516937762498856,0.5164769887924194
0.05337429419159889,0.022599926218390465,0.5193883776664734
0.054315581917762756,0.02259143628180027,0.5191932320594788
0.05527691915631294,0.02259143628180027,0.5191932320594788
0.05621714144945145,0.022582953795790672,0.5189982652664185
0.0571352057158947,0.02256600558757782,0.518608808517456
0.05807366967201233,0.022557541728019714,0.5184142589569092
0.05901142954826355,0.022549083456397057,0.5182198882102966
0.05994848906993866,0.022540630772709846,0.5180256366729736
0.06088484451174736,0.022532185539603233,0.517831563949585
0.06184365972876549,0.022532185539603233,0.517831563949585
0.06275545060634613,0.0225153136998415,0.517443835735321
0.0636897012591362,0.022506888955831528,0.5172501802444458
0.06462325900793076,0.022498467937111855,0.5170566439628601
0.0655561164021492,0.02249005436897278,0.5168632864952087
0.0664634257555008,0.022473245859146118,0.5164769887924194
0.06734424084424973,0.02244807966053486,0.5158986449241638
0.06827399134635925,0.022439703345298767,0.5157061219215393
0.0692288726568222,0.022439703345298767,0.5157061219215393
0.07020995020866394,0.02244807966053486,0.5158986449241638
0.07116518914699554,0.02244807966053486,0.5158986449241638
0.07212042808532715,0.02244807966053486,0.5158986449241638
0.07307566702365875,0.02244807966053486,0.5158986449241638
0.07403089851140976,0.02244807966053486,0.5158986449241638
0.07498613744974136,0.02244807966053486,0.5158986449241638
0.07596973329782486,0.022456461563706398,0.5160912871360779
0.07695406675338745,0.022464850917458534,0.5162840485572815
0.07793913036584854,0.022473245859146118,0.5164769887924194
0.0788954347372055,0.022473245859146118,0.5164769887924194
0.07985174655914307,0.022473245859146118,0.5164769887924194
0.05337429419159889,0.02356162667274475,0.5193883776664734
0.054315581917762756,0.023552775382995605,0.5191932320594788
0.05527691915631294,0.023552775382995605,0.5191932320594788
0.05619603767991066,0.023535093292593956,0.5188034772872925
0.05709236115217209,0.023508619517087936,0.5182198882102966
0.05800839513540268,0.02349100261926651,0.517831563949585
0.058945126831531525,0.023482205346226692,0.5176376104354858
0.05988115444779396,0.023473413661122322,0.517443835735321
0.060816485434770584,0.0234646275639534,0.5172501802444458
0.0617511160671711,0.023455848917365074,0.5170566439628601
0.0626850426197052,0.023447077721357346,0.5168632864952087
0.06364206969738007,0.023447077721357346,0.5168632864952087
0.0645749419927597,0.023438312113285065,0.5166700482368469
0.06548264622688293,0.023420801386237144,0.5162840485572815
0.06641378998756409,0.023412056267261505,0.5160912871360779
0.06734424084424973,0.023403316736221313,0.5158986449241638
0.06827399134635925,0.02339458465576172,0.5157061219215393
0.06925471127033234,0.023403316736221313,0.5158986449241638
0.07020995020866394,0.023403316736221313,0.5158986449241638
0.07116518914699554,0.023403316736221313,0.5158986449241638
0.07212042808532715,0.023403316736221313,0.5158986449241638
0.07307566702365875,0.023403316736221313,0.5158986449241638
0.07403089851140976,0.023403316736221313,0.5158986449241638
0.0750141367316246,0.023412056267261505,0.5160912871360779
0.07599811255931854,0.023420801386237144,0.5162840485572815
0.0770116001367569,0.023438312113285065,0.5166700482368469
0.07796826213598251,0.023438312113285065,0.5166700482368469
0.05335424467921257,0.02451411262154579,0.5191932320594788
0.054315581917762756,0.02451411262154579,0.5191932320594788
0.05525616183876991,0.024504907429218292,0.5189982652664185
0.05617494881153107,0.024486517533659935,0.518608808517456
0.05709236115217209,0.024468153715133667,0.5182198882102966
0.0580301359295845,0.024458983913064003,0.5180256366729736
0.058945126831531525,0.024440661072731018,0.5176376104354858
0.05985874682664871,0.02442236803472042,0.5172501802444458
0.06079373136162758,0.024413231760263443,0.5170566439628601
0.06172802299261093,0.024404101073741913,0.5168632864952087
0.0626850426197052,0.024404101073741913,0.5168632864952087
0.06361827999353409,0.02439497783780098,0.5166700482368469
0.06455080956220627,0.024385862052440643,0.5164769887924194
0.06548264622688293,0.024376753717660904,0.5162840485572815
0.06641378998756409,0.024367650970816612,0.5160912871360779
0.06734424084424973,0.024358553811907768,0.5158986449241638
0.06829947978258133,0.024358553811907768,0.5158986449241638
0.06928057223558426,0.024367650970816612,0.5160912871360779
0.07023616880178452,0.024367650970816612,0.5160912871360779
0.07119176536798477,0.024367650970816612,0.5160912871360779
0.07214735448360443,0.024367650970816612,0.5160912871360779
0.07310295104980469,0.024367650970816612,0.5160912871360779
0.07405854761600494,0.024367650970816612,0.5160912871360779
0.07504215836524963,0.024376753717660904,0.5162840485572815
0.07605493068695068,0.02439497783780098,0.5166700482368469
0.0770116001367569,0.02439497783780098,0.5166700482368469
0.07796826213598251,0.02439497783780098,0.5166700482368469
0.05343453586101532,0.0255137886852026,0.5199745893478394
0.05433599278330803,0.025485023856163025,0.5193883776664734
0.05525616183876991,0.025465883314609528,0.5189982652664185
0.05617494881153107,0.025446772575378418,0.518608808517456
0.05711377412080765,0.02543722838163376,0.5184142589569092
0.05805189535021782,0.025427689775824547,0.5182198882102966
0.05896721035242081,0.025408634915947914,0.517831563949585
0.059903584420681,0.025399118661880493,0.5176376104354858
0.060816485434770584,0.025380108505487442,0.5172501802444458
0.0617511160671711,0.025370612740516663,0.5170566439628601
0.0626850426197052,0.02536112442612648,0.5168632864952087
0.06361827999353409,0.025351643562316895,0.5166700482368469
0.0645749419927597,0.025351643562316895,0.5166700482368469
0.06550712138414383,0.025342170149087906,0.5164769887924194
0.06643860042095184,0.025332704186439514,0.5162840485572815
0.06739455461502075,0.025332704186439514,0.5162840485572815
0.06835050135850906,0.025332704186439514,0.5162840485572815
0.06930645555257797,0.025332704186439514,0.5162840485572815
0.07026240229606628,0.025332704186439514,0.5162840485572815
0.07121835649013519,0.025332704186439514,0.5162840485572815
0.0721743106842041,0.025332704186439514,0.5162840485572815
0.07313025742769241,0.025332704186439514,0.5162840485572815
0.07411389797925949,0.025342170149087906,0.5164769887924194
0.07509826868772507,0.025351643562316895,0.5166700482368469
0.07605493068695068,0.025351643562316895,0.5166700482368469
0.0770116001367569,0.025351643562316895,0.5166700482368469
0.07796826213598251,0.025351643562316895,0.5166700482368469
0.05347477272152901,0.026496509090065956,0.5203661322593689
0.05439732223749161,0.026476573199033737,0.5199745893478394
0.055297695100307465,0.026446722447872162,0.5193883776664734
0.05621714144945145,0.026426861062645912,0.5189982652664185
0.0571352057158947,0.0264070276170969,0.518608808517456
0.05807366967201233,0.02639712207019329,0.5184142589569092
0.05901142954826355,0.026387225836515427,0.5182198882102966
0.05992602929472923,0.02636745199561119,0.517831563949585
0.060862042009830475,0.026357576251029968,0.5176376104354858
0.061797354370355606,0.026347707957029343,0.517443835735321
0.06273196637630463,0.026337847113609314,0.5172501802444458
0.06366587430238724,0.026327993720769882,0.5170566439628601
0.06459908932447433,0.026318147778511047,0.5168632864952087
0.0655561164021492,0.026318147778511047,0.5168632864952087
0.06648827344179153,0.02630830928683281,0.5166700482368469
0.06744494289159775,0.02630830928683281,0.5166700482368469
0.06837604194879532,0.02629847824573517,0.5164769887924194
0.06933235377073288,0.02629847824573517,0.5164769887924194
0.07028866559267044,0.02629847824573517,0.5164769887924194
0.07127160578966141,0.02630830928683281,0.5166700482368469
0.07222826778888702,0.02630830928683281,0.5166700482368469
0.07318493723869324,0.02630830928683281,0.5166700482368469
0.0741693302989006,0.026318147778511047,0.5168632864952087
0.07512634992599487,0.026318147778511047,0.5168632864952087
0.07608337700366974,0.026318147778511047,0.5168632864952087
0.0770116001367569,0.02630830928683281,0.5166700482368469
0.054438281804323196,0.027460018172860146,0.5203661322593689
0.0553601048886776,0.027439357712864876,0.5199745893478394
0.05621714144945145,0.027387836948037148,0.5189982652664185
0.057156652212142944,0.027377557009458542,0.5188034772872925
0.05809546262025833,0.027367282658815384,0.518608808517456
0.059055715799331665,0.027367282658815384,0.518608808517456
0.05997096747159958,0.027346760034561157,0.5182198882102966
0.06090766564011574,0.02733650989830494,0.5180256366729736
0.06189003586769104,0.027346760034561157,0.5182198882102966
0.06280247867107391,0.027326269075274467,0.517831563949585
0.0637374147772789,0.027316033840179443,0.5176376104354858
0.06467165052890778,0.027305807918310165,0.517443835735321
0.0656297504901886,0.027305807918310165,0.517443835735321
0.06658784300088882,0.027305807918310165,0.517443835735321
0.06752066314220428,0.027295587584376335,0.5172501802444458
0.06847840547561646,0.027295587584376335,0.5172501802444458
0.06943614780902863,0.027295587584376335,0.5172501802444458
0.0703938826918602,0.027295587584376335,0.5172501802444458
0.07135162502527237,0.027295587584376335,0.5172501802444458
0.07233643531799316,0.027305807918310165,0.517443835735321
0.07326710224151611,0.027295587584376335,0.5172501802444458
0.07422484457492828,0.027295587584376335,0.5172501802444458
0.07515446096658707,0.02728537656366825,0.5170566439628601
0.07611183822154999,0.02728537656366825,0.5170566439628601
0.056322891265153885,0.028402142226696014,0.5199745893478394
0.0571352057158947,0.028327539563179016,0.518608808517456
0.05809546262025833,0.028327539563179016,0.518608808517456
0.059055715799331665,0.028327539563179016,0.518608808517456
0.0600159727036953,0.028327539563179016,0.518608808517456
0.06095335632562637,0.028316913172602654,0.5184142589569092
0.06189003586769104,0.028306296095252037,0.5182198882102966
0.06284957379102707,0.028306296095252037,0.5182198882102966
0.06378519535064697,0.028295686468482018,0.5180256366729736
0.06474436819553375,0.028295686468482018,0.5180256366729736
0.06572818011045456,0.028306296095252037,0.5182198882102966
0.06668771803379059,0.028306296095252037,0.5182198882102966
0.06764724850654602,0.028306296095252037,0.5182198882102966
0.06858107447624207,0.028295686468482018,0.5180256366729736
0.06954024732112885,0.028295686468482018,0.5180256366729736
0.07049942016601562,0.028295686468482018,0.5180256366729736
0.071458600461483,0.028295686468482018,0.5180256366729736
0.07241777330636978,0.028295686468482018,0.5180256366729736
0.07332198321819305,0.02827449142932892,0.5176376104354858
0.07425263524055481,0.02826390601694584,0.517443835735321
0.07515446096658707,0.02824275754392147,0.5170566439628601
0.05809546262025833,0.0292877946048975,0.518608808517456
0.059055715799331665,0.0292877946048975,0.518608808517456
0.060038499534130096,0.02929878793656826,0.5188034772872925
0.06097622960805893,0.0292877946048975,0.518608808517456
0.061913251876831055,0.029276808723807335,0.5184142589569092
0.06287314742803574,0.029276808723807335,0.5184142589569092
0.06383304297924042,0.029276808723807335,0.5184142589569092
0.0647929385304451,0.029276808723807335,0.5184142589569092
0.0658269077539444,0.029309790581464767,0.5189982652664185
0.06681296974420547,0.02932080067694187,0.5191932320594788
0.06777431070804596,0.02932080067694187,0.5191932320594788
0.0687098354101181,0.029309790581464767,0.5189982652664185
0.06967081129550934,0.029309790581464767,0.5189982652664185
0.07063179463148117,0.029309790581464767,0.5189982652664185
0.0715927705168724,0.029309790581464767,0.5189982652664185
0.07255374640226364,0.029309790581464767,0.5189982652664185
0.07337695360183716,0.029254863038659096,0.5180256366729736
0.07428044080734253,0.029232949018478394,0.5176376104354858
0.06099911779165268,0.030259404331445694,0.5188034772872925
0.06193648278713226,0.030248049646615982,0.518608808517456
0.06287314742803574,0.030236704275012016,0.5184142589569092
0.06383304297924042,0.030236704275012016,0.5184142589569092
0.06486593186855316,0.030270768329501152,0.5189982652664185
0.06622480601072311,0.030453741550445557,0.5221353769302368
0.06721698492765427,0.030465250834822655,0.5223327279090881
0.06815837323665619,0.030453741550445557,0.5221353769302368
0.06907296925783157,0.03043074905872345,0.5217412114143372
0.06982814520597458,0.03033912368118763,0.520170271396637
0.0707380473613739,0.0303163044154644,0.5197790265083313
0.07170046865940094,0.0303163044154644,0.5197790265083313
0.07263556867837906,0.030304906889796257,0.5195835828781128
0.06734424084424973,0.03149190917611122,0.5233216285705566
0.06831321865320206,0.03149190917611122,0.5233216285705566
